<PAMDataset>
  <PAMRasterBand band="1">
    <ColorInterp>Palette</ColorInterp>
    <ColorTable>
      <Entry c1="0" c2="0" c3="0" c4="0"/>
      <Entry c1="0" c2="0" c3="0" c4="0"/>
      <Entry c1="0" c2="0" c3="0" c4="0"/>
      <Entry c1="0" c2="0" c3="0" c4="0"/>
      <Entry c1="0" c2="0" c3="0" c4="0"/>
      <Entry c1="0" c2="0" c3="0" c4="0"/>
      <Entry c1="0" c2="0" c3="0" c4="0"/>
      <Entry c1="0" c2="0" c3="0" c4="0"/>
      <Entry c1="0" c2="0" c3="0" c4="0"/>
      <Entry c1="0" c2="0" c3="0" c4="0"/>
      <Entry c1="0" c2="0" c3="0" c4="0"/>
      <Entry c1="0" c2="0" c3="0" c4="0"/>
      <Entry c1="0" c2="0" c3="0" c4="0"/>
      <Entry c1="0" c2="0" c3="0" c4="0"/>
      <Entry c1="0" c2="0" c3="0" c4="0"/>
      <Entry c1="0" c2="0" c3="0" c4="0"/>
      <Entry c1="0" c2="0" c3="0" c4="0"/>
      <Entry c1="0" c2="0" c3="0" c4="0"/>
      <Entry c1="0" c2="0" c3="0" c4="0"/>
      <Entry c1="0" c2="0" c3="0" c4="0"/>
      <Entry c1="0" c2="0" c3="0" c4="0"/>
      <Entry c1="0" c2="0" c3="0" c4="0"/>
      <Entry c1="0" c2="0" c3="0" c4="0"/>
      <Entry c1="0" c2="0" c3="0" c4="0"/>
      <Entry c1="0" c2="0" c3="0" c4="0"/>
      <Entry c1="0" c2="0" c3="0" c4="0"/>
      <Entry c1="0" c2="0" c3="0" c4="0"/>
      <Entry c1="0" c2="0" c3="0" c4="0"/>
      <Entry c1="0" c2="0" c3="0" c4="0"/>
      <Entry c1="0" c2="0" c3="0" c4="0"/>
      <Entry c1="0" c2="0" c3="0" c4="0"/>
      <Entry c1="0" c2="0" c3="0" c4="0"/>
      <Entry c1="0" c2="0" c3="0" c4="0"/>
      <Entry c1="0" c2="0" c3="0" c4="0"/>
      <Entry c1="0" c2="0" c3="0" c4="0"/>
      <Entry c1="0" c2="0" c3="0" c4="0"/>
      <Entry c1="0" c2="0" c3="0" c4="0"/>
      <Entry c1="0" c2="0" c3="0" c4="0"/>
      <Entry c1="0" c2="0" c3="0" c4="0"/>
      <Entry c1="0" c2="0" c3="0" c4="0"/>
      <Entry c1="0" c2="0" c3="0" c4="0"/>
      <Entry c1="0" c2="0" c3="0" c4="0"/>
      <Entry c1="0" c2="0" c3="0" c4="0"/>
      <Entry c1="0" c2="0" c3="0" c4="0"/>
      <Entry c1="0" c2="0" c3="0" c4="0"/>
      <Entry c1="0" c2="0" c3="0" c4="0"/>
      <Entry c1="0" c2="0" c3="0" c4="0"/>
      <Entry c1="0" c2="0" c3="0" c4="0"/>
      <Entry c1="0" c2="0" c3="0" c4="0"/>
      <Entry c1="0" c2="0" c3="0" c4="0"/>
      <Entry c1="0" c2="0" c3="0" c4="0"/>
      <Entry c1="0" c2="0" c3="0" c4="0"/>
      <Entry c1="0" c2="0" c3="0" c4="0"/>
      <Entry c1="0" c2="0" c3="0" c4="0"/>
      <Entry c1="0" c2="0" c3="0" c4="0"/>
      <Entry c1="0" c2="0" c3="0" c4="0"/>
      <Entry c1="0" c2="0" c3="0" c4="0"/>
      <Entry c1="0" c2="0" c3="0" c4="0"/>
      <Entry c1="0" c2="0" c3="0" c4="0"/>
      <Entry c1="0" c2="0" c3="0" c4="0"/>
      <Entry c1="0" c2="0" c3="0" c4="0"/>
      <Entry c1="0" c2="0" c3="0" c4="0"/>
      <Entry c1="0" c2="0" c3="0" c4="0"/>
      <Entry c1="0" c2="0" c3="0" c4="0"/>
      <Entry c1="0" c2="0" c3="0" c4="0"/>
      <Entry c1="0" c2="0" c3="0" c4="0"/>
      <Entry c1="0" c2="0" c3="0" c4="0"/>
      <Entry c1="0" c2="0" c3="0" c4="0"/>
      <Entry c1="0" c2="0" c3="0" c4="0"/>
      <Entry c1="0" c2="0" c3="0" c4="0"/>
      <Entry c1="0" c2="0" c3="0" c4="0"/>
      <Entry c1="0" c2="0" c3="0" c4="0"/>
      <Entry c1="0" c2="0" c3="0" c4="0"/>
      <Entry c1="0" c2="0" c3="0" c4="0"/>
      <Entry c1="0" c2="0" c3="0" c4="0"/>
      <Entry c1="0" c2="0" c3="0" c4="0"/>
      <Entry c1="0" c2="0" c3="0" c4="0"/>
      <Entry c1="0" c2="0" c3="0" c4="0"/>
      <Entry c1="0" c2="0" c3="0" c4="0"/>
      <Entry c1="0" c2="0" c3="0" c4="0"/>
      <Entry c1="0" c2="0" c3="0" c4="0"/>
      <Entry c1="0" c2="0" c3="0" c4="0"/>
      <Entry c1="0" c2="0" c3="0" c4="0"/>
      <Entry c1="0" c2="0" c3="0" c4="0"/>
      <Entry c1="0" c2="0" c3="0" c4="0"/>
      <Entry c1="0" c2="0" c3="0" c4="0"/>
      <Entry c1="223" c2="255" c3="0" c4="255"/>
      <Entry c1="188" c2="255" c3="0" c4="255"/>
      <Entry c1="152" c2="255" c3="0" c4="255"/>
      <Entry c1="117" c2="255" c3="0" c4="255"/>
      <Entry c1="82" c2="255" c3="0" c4="255"/>
      <Entry c1="47" c2="255" c3="0" c4="255"/>
      <Entry c1="12" c2="255" c3="0" c4="255"/>
      <Entry c1="0" c2="255" c3="24" c4="255"/>
      <Entry c1="0" c2="255" c3="59" c4="255"/>
      <Entry c1="0" c2="255" c3="94" c4="255"/>
      <Entry c1="0" c2="255" c3="129" c4="255"/>
      <Entry c1="0" c2="255" c3="164" c4="255"/>
      <Entry c1="0" c2="255" c3="200" c4="255"/>
      <Entry c1="0" c2="255" c3="235" c4="255"/>
      <Entry c1="0" c2="240" c3="255" c4="255"/>
      <Entry c1="0" c2="205" c3="255" c4="255"/>
      <Entry c1="0" c2="169" c3="255" c4="255"/>
      <Entry c1="0" c2="134" c3="255" c4="255"/>
      <Entry c1="0" c2="99" c3="255" c4="255"/>
      <Entry c1="0" c2="64" c3="255" c4="255"/>
      <Entry c1="0" c2="29" c3="255" c4="255"/>
      <Entry c1="7" c2="0" c3="255" c4="255"/>
      <Entry c1="42" c2="0" c3="255" c4="255"/>
      <Entry c1="77" c2="0" c3="255" c4="255"/>
      <Entry c1="112" c2="0" c3="255" c4="255"/>
      <Entry c1="148" c2="0" c3="255" c4="255"/>
      <Entry c1="183" c2="0" c3="255" c4="255"/>
      <Entry c1="218" c2="0" c3="255" c4="255"/>
      <Entry c1="253" c2="0" c3="255" c4="255"/>
      <Entry c1="255" c2="0" c3="222" c4="255"/>
      <Entry c1="255" c2="0" c3="186" c4="255"/>
      <Entry c1="255" c2="0" c3="151" c4="255"/>
      <Entry c1="255" c2="0" c3="116" c4="255"/>
      <Entry c1="255" c2="0" c3="81" c4="255"/>
      <Entry c1="255" c2="0" c3="45" c4="255"/>
      <Entry c1="255" c2="0" c3="10" c4="255"/>
      <Entry c1="0" c2="68" c3="227" c4="255"/>
    </ColorTable>
    <Metadata>
      <MDI key="COLOR_TABLE_RULES_COUNT">5</MDI>
      <MDI key="COLOR_TABLE_RULE_RGB_0">8.507468e+01 9.231513e+01 255 255 0 0 255 0</MDI>
      <MDI key="COLOR_TABLE_RULE_RGB_1">9.231513e+01 9.955558e+01 0 255 0 0 255 255</MDI>
      <MDI key="COLOR_TABLE_RULE_RGB_2">9.955558e+01 1.067960e+02 0 255 255 0 0 255</MDI>
      <MDI key="COLOR_TABLE_RULE_RGB_3">1.067960e+02 1.140365e+02 0 0 255 255 0 255</MDI>
      <MDI key="COLOR_TABLE_RULE_RGB_4">1.140365e+02 1.212769e+02 255 0 255 255 0 0</MDI>
    </Metadata>
  </PAMRasterBand>
</PAMDataset>
