<PAMDataset>
  <PAMRasterBand band="1">
    <ColorInterp>Palette</ColorInterp>
    <ColorTable>
      <Entry c1="255" c2="255" c3="0" c4="255"/>
      <Entry c1="0" c2="7" c3="255" c4="255"/>
      <Entry c1="0" c2="0" c3="0" c4="0"/>
    </ColorTable>
    <Metadata>
      <MDI key="COLOR_TABLE_RULES_COUNT">5</MDI>
      <MDI key="COLOR_TABLE_RULE_RGB_0">0.000000e+00 3.360000e-01 255 255 0 0 255 0</MDI>
      <MDI key="COLOR_TABLE_RULE_RGB_1">3.360000e-01 6.720000e-01 0 255 0 0 255 255</MDI>
      <MDI key="COLOR_TABLE_RULE_RGB_2">6.720000e-01 1.008000e+00 0 255 255 0 0 255</MDI>
      <MDI key="COLOR_TABLE_RULE_RGB_3">1.008000e+00 1.344000e+00 0 0 255 255 0 255</MDI>
      <MDI key="COLOR_TABLE_RULE_RGB_4">1.344000e+00 1.680000e+00 255 0 255 255 0 0</MDI>
    </Metadata>
  </PAMRasterBand>
</PAMDataset>
