<PAMDataset>
  <PAMRasterBand band="1">
    <ColorInterp>Palette</ColorInterp>
    <ColorTable>
      <Entry c1="255" c2="255" c3="0" c4="255"/>
      <Entry c1="249" c2="255" c3="0" c4="255"/>
      <Entry c1="243" c2="255" c3="0" c4="255"/>
      <Entry c1="236" c2="255" c3="0" c4="255"/>
      <Entry c1="230" c2="255" c3="0" c4="255"/>
      <Entry c1="224" c2="255" c3="0" c4="255"/>
      <Entry c1="217" c2="255" c3="0" c4="255"/>
      <Entry c1="211" c2="255" c3="0" c4="255"/>
      <Entry c1="205" c2="255" c3="0" c4="255"/>
      <Entry c1="198" c2="255" c3="0" c4="255"/>
      <Entry c1="192" c2="255" c3="0" c4="255"/>
      <Entry c1="186" c2="255" c3="0" c4="255"/>
      <Entry c1="179" c2="255" c3="0" c4="255"/>
      <Entry c1="173" c2="255" c3="0" c4="255"/>
      <Entry c1="167" c2="255" c3="0" c4="255"/>
      <Entry c1="160" c2="255" c3="0" c4="255"/>
      <Entry c1="154" c2="255" c3="0" c4="255"/>
      <Entry c1="148" c2="255" c3="0" c4="255"/>
      <Entry c1="141" c2="255" c3="0" c4="255"/>
      <Entry c1="135" c2="255" c3="0" c4="255"/>
      <Entry c1="129" c2="255" c3="0" c4="255"/>
      <Entry c1="122" c2="255" c3="0" c4="255"/>
      <Entry c1="116" c2="255" c3="0" c4="255"/>
      <Entry c1="110" c2="255" c3="0" c4="255"/>
      <Entry c1="103" c2="255" c3="0" c4="255"/>
      <Entry c1="97" c2="255" c3="0" c4="255"/>
      <Entry c1="91" c2="255" c3="0" c4="255"/>
      <Entry c1="84" c2="255" c3="0" c4="255"/>
      <Entry c1="78" c2="255" c3="0" c4="255"/>
      <Entry c1="72" c2="255" c3="0" c4="255"/>
      <Entry c1="65" c2="255" c3="0" c4="255"/>
      <Entry c1="59" c2="255" c3="0" c4="255"/>
      <Entry c1="53" c2="255" c3="0" c4="255"/>
      <Entry c1="46" c2="255" c3="0" c4="255"/>
      <Entry c1="40" c2="255" c3="0" c4="255"/>
      <Entry c1="33" c2="255" c3="0" c4="255"/>
      <Entry c1="27" c2="255" c3="0" c4="255"/>
      <Entry c1="21" c2="255" c3="0" c4="255"/>
      <Entry c1="14" c2="255" c3="0" c4="255"/>
      <Entry c1="8" c2="255" c3="0" c4="255"/>
      <Entry c1="2" c2="255" c3="0" c4="255"/>
      <Entry c1="0" c2="255" c3="5" c4="255"/>
      <Entry c1="0" c2="255" c3="11" c4="255"/>
      <Entry c1="0" c2="255" c3="17" c4="255"/>
      <Entry c1="0" c2="255" c3="24" c4="255"/>
      <Entry c1="0" c2="255" c3="30" c4="255"/>
      <Entry c1="0" c2="255" c3="36" c4="255"/>
      <Entry c1="0" c2="255" c3="43" c4="255"/>
      <Entry c1="0" c2="255" c3="49" c4="255"/>
      <Entry c1="0" c2="255" c3="55" c4="255"/>
      <Entry c1="0" c2="255" c3="62" c4="255"/>
      <Entry c1="0" c2="255" c3="68" c4="255"/>
      <Entry c1="0" c2="255" c3="74" c4="255"/>
      <Entry c1="0" c2="255" c3="81" c4="255"/>
      <Entry c1="0" c2="255" c3="87" c4="255"/>
      <Entry c1="0" c2="255" c3="93" c4="255"/>
      <Entry c1="0" c2="255" c3="100" c4="255"/>
      <Entry c1="0" c2="255" c3="106" c4="255"/>
      <Entry c1="0" c2="255" c3="112" c4="255"/>
      <Entry c1="0" c2="255" c3="119" c4="255"/>
      <Entry c1="0" c2="255" c3="125" c4="255"/>
      <Entry c1="0" c2="255" c3="131" c4="255"/>
      <Entry c1="0" c2="255" c3="138" c4="255"/>
      <Entry c1="0" c2="255" c3="144" c4="255"/>
      <Entry c1="0" c2="255" c3="150" c4="255"/>
      <Entry c1="0" c2="255" c3="157" c4="255"/>
      <Entry c1="0" c2="255" c3="163" c4="255"/>
      <Entry c1="0" c2="255" c3="169" c4="255"/>
      <Entry c1="0" c2="255" c3="176" c4="255"/>
      <Entry c1="0" c2="255" c3="182" c4="255"/>
      <Entry c1="0" c2="255" c3="189" c4="255"/>
      <Entry c1="0" c2="255" c3="195" c4="255"/>
      <Entry c1="0" c2="255" c3="201" c4="255"/>
      <Entry c1="0" c2="255" c3="208" c4="255"/>
      <Entry c1="0" c2="255" c3="214" c4="255"/>
      <Entry c1="0" c2="255" c3="220" c4="255"/>
      <Entry c1="0" c2="255" c3="227" c4="255"/>
      <Entry c1="0" c2="255" c3="233" c4="255"/>
      <Entry c1="0" c2="255" c3="239" c4="255"/>
      <Entry c1="0" c2="255" c3="246" c4="255"/>
      <Entry c1="0" c2="255" c3="252" c4="255"/>
      <Entry c1="0" c2="252" c3="255" c4="255"/>
      <Entry c1="0" c2="245" c3="255" c4="255"/>
      <Entry c1="0" c2="239" c3="255" c4="255"/>
      <Entry c1="0" c2="233" c3="255" c4="255"/>
      <Entry c1="0" c2="226" c3="255" c4="255"/>
      <Entry c1="0" c2="220" c3="255" c4="255"/>
      <Entry c1="0" c2="214" c3="255" c4="255"/>
      <Entry c1="0" c2="207" c3="255" c4="255"/>
      <Entry c1="0" c2="201" c3="255" c4="255"/>
      <Entry c1="0" c2="195" c3="255" c4="255"/>
      <Entry c1="0" c2="188" c3="255" c4="255"/>
      <Entry c1="0" c2="182" c3="255" c4="255"/>
      <Entry c1="0" c2="176" c3="255" c4="255"/>
      <Entry c1="0" c2="169" c3="255" c4="255"/>
      <Entry c1="0" c2="163" c3="255" c4="255"/>
      <Entry c1="0" c2="157" c3="255" c4="255"/>
      <Entry c1="0" c2="150" c3="255" c4="255"/>
      <Entry c1="0" c2="144" c3="255" c4="255"/>
      <Entry c1="0" c2="138" c3="255" c4="255"/>
      <Entry c1="0" c2="131" c3="255" c4="255"/>
      <Entry c1="0" c2="125" c3="255" c4="255"/>
      <Entry c1="0" c2="118" c3="255" c4="255"/>
      <Entry c1="0" c2="112" c3="255" c4="255"/>
      <Entry c1="0" c2="106" c3="255" c4="255"/>
      <Entry c1="0" c2="99" c3="255" c4="255"/>
      <Entry c1="0" c2="93" c3="255" c4="255"/>
      <Entry c1="0" c2="87" c3="255" c4="255"/>
      <Entry c1="0" c2="80" c3="255" c4="255"/>
      <Entry c1="0" c2="74" c3="255" c4="255"/>
      <Entry c1="0" c2="68" c3="255" c4="255"/>
      <Entry c1="0" c2="61" c3="255" c4="255"/>
      <Entry c1="0" c2="55" c3="255" c4="255"/>
      <Entry c1="0" c2="49" c3="255" c4="255"/>
      <Entry c1="0" c2="42" c3="255" c4="255"/>
      <Entry c1="0" c2="36" c3="255" c4="255"/>
      <Entry c1="0" c2="30" c3="255" c4="255"/>
      <Entry c1="0" c2="23" c3="255" c4="255"/>
      <Entry c1="0" c2="17" c3="255" c4="255"/>
      <Entry c1="0" c2="11" c3="255" c4="255"/>
      <Entry c1="0" c2="4" c3="255" c4="255"/>
      <Entry c1="2" c2="0" c3="255" c4="255"/>
      <Entry c1="8" c2="0" c3="255" c4="255"/>
      <Entry c1="15" c2="0" c3="255" c4="255"/>
      <Entry c1="21" c2="0" c3="255" c4="255"/>
      <Entry c1="27" c2="0" c3="255" c4="255"/>
      <Entry c1="34" c2="0" c3="255" c4="255"/>
      <Entry c1="40" c2="0" c3="255" c4="255"/>
      <Entry c1="46" c2="0" c3="255" c4="255"/>
      <Entry c1="53" c2="0" c3="255" c4="255"/>
      <Entry c1="59" c2="0" c3="255" c4="255"/>
      <Entry c1="65" c2="0" c3="255" c4="255"/>
      <Entry c1="72" c2="0" c3="255" c4="255"/>
      <Entry c1="78" c2="0" c3="255" c4="255"/>
      <Entry c1="85" c2="0" c3="255" c4="255"/>
      <Entry c1="91" c2="0" c3="255" c4="255"/>
      <Entry c1="97" c2="0" c3="255" c4="255"/>
      <Entry c1="104" c2="0" c3="255" c4="255"/>
      <Entry c1="110" c2="0" c3="255" c4="255"/>
      <Entry c1="116" c2="0" c3="255" c4="255"/>
      <Entry c1="123" c2="0" c3="255" c4="255"/>
      <Entry c1="129" c2="0" c3="255" c4="255"/>
      <Entry c1="135" c2="0" c3="255" c4="255"/>
      <Entry c1="142" c2="0" c3="255" c4="255"/>
      <Entry c1="148" c2="0" c3="255" c4="255"/>
      <Entry c1="154" c2="0" c3="255" c4="255"/>
      <Entry c1="161" c2="0" c3="255" c4="255"/>
      <Entry c1="167" c2="0" c3="255" c4="255"/>
      <Entry c1="173" c2="0" c3="255" c4="255"/>
      <Entry c1="180" c2="0" c3="255" c4="255"/>
      <Entry c1="186" c2="0" c3="255" c4="255"/>
      <Entry c1="192" c2="0" c3="255" c4="255"/>
      <Entry c1="199" c2="0" c3="255" c4="255"/>
      <Entry c1="205" c2="0" c3="255" c4="255"/>
      <Entry c1="211" c2="0" c3="255" c4="255"/>
      <Entry c1="218" c2="0" c3="255" c4="255"/>
      <Entry c1="224" c2="0" c3="255" c4="255"/>
      <Entry c1="230" c2="0" c3="255" c4="255"/>
      <Entry c1="237" c2="0" c3="255" c4="255"/>
      <Entry c1="243" c2="0" c3="255" c4="255"/>
      <Entry c1="249" c2="0" c3="255" c4="255"/>
      <Entry c1="255" c2="0" c3="254" c4="255"/>
      <Entry c1="255" c2="0" c3="248" c4="255"/>
      <Entry c1="255" c2="0" c3="242" c4="255"/>
      <Entry c1="255" c2="0" c3="235" c4="255"/>
      <Entry c1="255" c2="0" c3="229" c4="255"/>
      <Entry c1="255" c2="0" c3="223" c4="255"/>
      <Entry c1="255" c2="0" c3="216" c4="255"/>
      <Entry c1="255" c2="0" c3="210" c4="255"/>
      <Entry c1="255" c2="0" c3="203" c4="255"/>
      <Entry c1="255" c2="0" c3="197" c4="255"/>
      <Entry c1="255" c2="0" c3="191" c4="255"/>
      <Entry c1="255" c2="0" c3="184" c4="255"/>
      <Entry c1="255" c2="0" c3="178" c4="255"/>
      <Entry c1="255" c2="0" c3="172" c4="255"/>
      <Entry c1="255" c2="0" c3="165" c4="255"/>
      <Entry c1="255" c2="0" c3="159" c4="255"/>
      <Entry c1="255" c2="0" c3="153" c4="255"/>
      <Entry c1="255" c2="0" c3="146" c4="255"/>
      <Entry c1="255" c2="0" c3="140" c4="255"/>
      <Entry c1="255" c2="0" c3="134" c4="255"/>
      <Entry c1="255" c2="0" c3="127" c4="255"/>
      <Entry c1="255" c2="0" c3="121" c4="255"/>
      <Entry c1="255" c2="0" c3="115" c4="255"/>
      <Entry c1="255" c2="0" c3="108" c4="255"/>
      <Entry c1="255" c2="0" c3="102" c4="255"/>
      <Entry c1="255" c2="0" c3="96" c4="255"/>
      <Entry c1="255" c2="0" c3="89" c4="255"/>
      <Entry c1="255" c2="0" c3="83" c4="255"/>
      <Entry c1="255" c2="0" c3="77" c4="255"/>
      <Entry c1="255" c2="0" c3="70" c4="255"/>
      <Entry c1="255" c2="0" c3="64" c4="255"/>
      <Entry c1="255" c2="0" c3="58" c4="255"/>
      <Entry c1="255" c2="0" c3="51" c4="255"/>
      <Entry c1="255" c2="0" c3="45" c4="255"/>
      <Entry c1="255" c2="0" c3="39" c4="255"/>
      <Entry c1="255" c2="0" c3="32" c4="255"/>
      <Entry c1="255" c2="0" c3="26" c4="255"/>
      <Entry c1="255" c2="0" c3="20" c4="255"/>
      <Entry c1="255" c2="0" c3="13" c4="255"/>
      <Entry c1="255" c2="0" c3="7" c4="255"/>
      <Entry c1="255" c2="0" c3="1" c4="255"/>
    </ColorTable>
    <Metadata>
      <MDI key="COLOR_TABLE_RULES_COUNT">5</MDI>
      <MDI key="COLOR_TABLE_RULE_RGB_0">0.000000e+00 4.020000e+01 255 255 0 0 255 0</MDI>
      <MDI key="COLOR_TABLE_RULE_RGB_1">4.020000e+01 8.040000e+01 0 255 0 0 255 255</MDI>
      <MDI key="COLOR_TABLE_RULE_RGB_2">8.040000e+01 1.206000e+02 0 255 255 0 0 255</MDI>
      <MDI key="COLOR_TABLE_RULE_RGB_3">1.206000e+02 1.608000e+02 0 0 255 255 0 255</MDI>
      <MDI key="COLOR_TABLE_RULE_RGB_4">1.608000e+02 2.010000e+02 255 0 255 255 0 0</MDI>
    </Metadata>
  </PAMRasterBand>
</PAMDataset>
