<PAMDataset>
  <PAMRasterBand band="1">
    <ColorInterp>Palette</ColorInterp>
    <ColorTable>
      <Entry c1="0" c2="0" c3="0" c4="0"/>
      <Entry c1="0" c2="0" c3="0" c4="0"/>
      <Entry c1="251" c2="255" c3="0" c4="255"/>
      <Entry c1="245" c2="255" c3="0" c4="255"/>
      <Entry c1="238" c2="255" c3="0" c4="255"/>
      <Entry c1="232" c2="255" c3="0" c4="255"/>
      <Entry c1="225" c2="255" c3="0" c4="255"/>
      <Entry c1="219" c2="255" c3="0" c4="255"/>
      <Entry c1="213" c2="255" c3="0" c4="255"/>
      <Entry c1="206" c2="255" c3="0" c4="255"/>
      <Entry c1="200" c2="255" c3="0" c4="255"/>
      <Entry c1="193" c2="255" c3="0" c4="255"/>
      <Entry c1="187" c2="255" c3="0" c4="255"/>
      <Entry c1="180" c2="255" c3="0" c4="255"/>
      <Entry c1="174" c2="255" c3="0" c4="255"/>
      <Entry c1="168" c2="255" c3="0" c4="255"/>
      <Entry c1="161" c2="255" c3="0" c4="255"/>
      <Entry c1="155" c2="255" c3="0" c4="255"/>
      <Entry c1="148" c2="255" c3="0" c4="255"/>
      <Entry c1="142" c2="255" c3="0" c4="255"/>
      <Entry c1="136" c2="255" c3="0" c4="255"/>
      <Entry c1="129" c2="255" c3="0" c4="255"/>
      <Entry c1="123" c2="255" c3="0" c4="255"/>
      <Entry c1="116" c2="255" c3="0" c4="255"/>
      <Entry c1="110" c2="255" c3="0" c4="255"/>
      <Entry c1="103" c2="255" c3="0" c4="255"/>
      <Entry c1="97" c2="255" c3="0" c4="255"/>
      <Entry c1="91" c2="255" c3="0" c4="255"/>
      <Entry c1="84" c2="255" c3="0" c4="255"/>
      <Entry c1="78" c2="255" c3="0" c4="255"/>
      <Entry c1="71" c2="255" c3="0" c4="255"/>
      <Entry c1="65" c2="255" c3="0" c4="255"/>
      <Entry c1="59" c2="255" c3="0" c4="255"/>
      <Entry c1="52" c2="255" c3="0" c4="255"/>
      <Entry c1="46" c2="255" c3="0" c4="255"/>
      <Entry c1="39" c2="255" c3="0" c4="255"/>
      <Entry c1="33" c2="255" c3="0" c4="255"/>
      <Entry c1="26" c2="255" c3="0" c4="255"/>
      <Entry c1="20" c2="255" c3="0" c4="255"/>
      <Entry c1="14" c2="255" c3="0" c4="255"/>
      <Entry c1="7" c2="255" c3="0" c4="255"/>
      <Entry c1="1" c2="255" c3="0" c4="255"/>
      <Entry c1="0" c2="255" c3="6" c4="255"/>
      <Entry c1="0" c2="255" c3="12" c4="255"/>
      <Entry c1="0" c2="255" c3="18" c4="255"/>
      <Entry c1="0" c2="255" c3="25" c4="255"/>
      <Entry c1="0" c2="255" c3="31" c4="255"/>
      <Entry c1="0" c2="255" c3="38" c4="255"/>
      <Entry c1="0" c2="255" c3="44" c4="255"/>
      <Entry c1="0" c2="255" c3="51" c4="255"/>
      <Entry c1="0" c2="255" c3="57" c4="255"/>
      <Entry c1="0" c2="255" c3="63" c4="255"/>
      <Entry c1="0" c2="255" c3="70" c4="255"/>
      <Entry c1="0" c2="255" c3="76" c4="255"/>
      <Entry c1="0" c2="255" c3="83" c4="255"/>
      <Entry c1="0" c2="255" c3="89" c4="255"/>
      <Entry c1="0" c2="255" c3="95" c4="255"/>
      <Entry c1="0" c2="255" c3="102" c4="255"/>
      <Entry c1="0" c2="255" c3="108" c4="255"/>
      <Entry c1="0" c2="255" c3="115" c4="255"/>
      <Entry c1="0" c2="255" c3="121" c4="255"/>
      <Entry c1="0" c2="255" c3="128" c4="255"/>
      <Entry c1="0" c2="255" c3="134" c4="255"/>
      <Entry c1="0" c2="255" c3="140" c4="255"/>
      <Entry c1="0" c2="255" c3="147" c4="255"/>
      <Entry c1="0" c2="255" c3="153" c4="255"/>
      <Entry c1="0" c2="255" c3="160" c4="255"/>
      <Entry c1="0" c2="255" c3="166" c4="255"/>
      <Entry c1="0" c2="255" c3="172" c4="255"/>
      <Entry c1="0" c2="255" c3="179" c4="255"/>
      <Entry c1="0" c2="255" c3="185" c4="255"/>
      <Entry c1="0" c2="255" c3="192" c4="255"/>
      <Entry c1="0" c2="255" c3="198" c4="255"/>
      <Entry c1="0" c2="255" c3="205" c4="255"/>
      <Entry c1="0" c2="255" c3="211" c4="255"/>
      <Entry c1="0" c2="255" c3="217" c4="255"/>
      <Entry c1="0" c2="255" c3="224" c4="255"/>
      <Entry c1="0" c2="255" c3="230" c4="255"/>
      <Entry c1="0" c2="255" c3="237" c4="255"/>
      <Entry c1="0" c2="255" c3="243" c4="255"/>
      <Entry c1="0" c2="255" c3="249" c4="255"/>
      <Entry c1="0" c2="254" c3="255" c4="255"/>
      <Entry c1="0" c2="248" c3="255" c4="255"/>
      <Entry c1="0" c2="241" c3="255" c4="255"/>
      <Entry c1="0" c2="235" c3="255" c4="255"/>
      <Entry c1="0" c2="228" c3="255" c4="255"/>
      <Entry c1="0" c2="222" c3="255" c4="255"/>
      <Entry c1="0" c2="216" c3="255" c4="255"/>
      <Entry c1="0" c2="209" c3="255" c4="255"/>
      <Entry c1="0" c2="203" c3="255" c4="255"/>
      <Entry c1="0" c2="196" c3="255" c4="255"/>
      <Entry c1="0" c2="190" c3="255" c4="255"/>
      <Entry c1="0" c2="184" c3="255" c4="255"/>
      <Entry c1="0" c2="177" c3="255" c4="255"/>
      <Entry c1="0" c2="171" c3="255" c4="255"/>
      <Entry c1="0" c2="164" c3="255" c4="255"/>
      <Entry c1="0" c2="158" c3="255" c4="255"/>
      <Entry c1="0" c2="151" c3="255" c4="255"/>
      <Entry c1="0" c2="145" c3="255" c4="255"/>
      <Entry c1="0" c2="139" c3="255" c4="255"/>
      <Entry c1="0" c2="132" c3="255" c4="255"/>
      <Entry c1="0" c2="126" c3="255" c4="255"/>
      <Entry c1="0" c2="119" c3="255" c4="255"/>
      <Entry c1="0" c2="113" c3="255" c4="255"/>
      <Entry c1="0" c2="107" c3="255" c4="255"/>
      <Entry c1="0" c2="100" c3="255" c4="255"/>
      <Entry c1="0" c2="94" c3="255" c4="255"/>
      <Entry c1="0" c2="87" c3="255" c4="255"/>
      <Entry c1="0" c2="81" c3="255" c4="255"/>
      <Entry c1="0" c2="74" c3="255" c4="255"/>
      <Entry c1="0" c2="68" c3="255" c4="255"/>
      <Entry c1="0" c2="62" c3="255" c4="255"/>
      <Entry c1="0" c2="55" c3="255" c4="255"/>
      <Entry c1="0" c2="49" c3="255" c4="255"/>
      <Entry c1="0" c2="42" c3="255" c4="255"/>
      <Entry c1="0" c2="36" c3="255" c4="255"/>
      <Entry c1="0" c2="30" c3="255" c4="255"/>
      <Entry c1="0" c2="23" c3="255" c4="255"/>
      <Entry c1="0" c2="17" c3="255" c4="255"/>
      <Entry c1="0" c2="10" c3="255" c4="255"/>
      <Entry c1="0" c2="4" c3="255" c4="255"/>
      <Entry c1="3" c2="0" c3="255" c4="255"/>
      <Entry c1="9" c2="0" c3="255" c4="255"/>
      <Entry c1="15" c2="0" c3="255" c4="255"/>
      <Entry c1="22" c2="0" c3="255" c4="255"/>
      <Entry c1="28" c2="0" c3="255" c4="255"/>
      <Entry c1="35" c2="0" c3="255" c4="255"/>
      <Entry c1="41" c2="0" c3="255" c4="255"/>
      <Entry c1="47" c2="0" c3="255" c4="255"/>
      <Entry c1="54" c2="0" c3="255" c4="255"/>
      <Entry c1="60" c2="0" c3="255" c4="255"/>
      <Entry c1="67" c2="0" c3="255" c4="255"/>
      <Entry c1="73" c2="0" c3="255" c4="255"/>
      <Entry c1="80" c2="0" c3="255" c4="255"/>
      <Entry c1="86" c2="0" c3="255" c4="255"/>
      <Entry c1="92" c2="0" c3="255" c4="255"/>
      <Entry c1="99" c2="0" c3="255" c4="255"/>
      <Entry c1="105" c2="0" c3="255" c4="255"/>
      <Entry c1="112" c2="0" c3="255" c4="255"/>
      <Entry c1="118" c2="0" c3="255" c4="255"/>
      <Entry c1="124" c2="0" c3="255" c4="255"/>
      <Entry c1="131" c2="0" c3="255" c4="255"/>
      <Entry c1="137" c2="0" c3="255" c4="255"/>
      <Entry c1="144" c2="0" c3="255" c4="255"/>
      <Entry c1="150" c2="0" c3="255" c4="255"/>
      <Entry c1="157" c2="0" c3="255" c4="255"/>
      <Entry c1="163" c2="0" c3="255" c4="255"/>
      <Entry c1="169" c2="0" c3="255" c4="255"/>
      <Entry c1="176" c2="0" c3="255" c4="255"/>
      <Entry c1="182" c2="0" c3="255" c4="255"/>
      <Entry c1="189" c2="0" c3="255" c4="255"/>
      <Entry c1="195" c2="0" c3="255" c4="255"/>
      <Entry c1="201" c2="0" c3="255" c4="255"/>
      <Entry c1="208" c2="0" c3="255" c4="255"/>
      <Entry c1="214" c2="0" c3="255" c4="255"/>
      <Entry c1="221" c2="0" c3="255" c4="255"/>
      <Entry c1="227" c2="0" c3="255" c4="255"/>
      <Entry c1="234" c2="0" c3="255" c4="255"/>
      <Entry c1="240" c2="0" c3="255" c4="255"/>
      <Entry c1="246" c2="0" c3="255" c4="255"/>
      <Entry c1="253" c2="0" c3="255" c4="255"/>
      <Entry c1="255" c2="0" c3="251" c4="255"/>
      <Entry c1="255" c2="0" c3="244" c4="255"/>
      <Entry c1="255" c2="0" c3="238" c4="255"/>
      <Entry c1="255" c2="0" c3="232" c4="255"/>
      <Entry c1="255" c2="0" c3="225" c4="255"/>
      <Entry c1="255" c2="0" c3="219" c4="255"/>
      <Entry c1="255" c2="0" c3="212" c4="255"/>
      <Entry c1="255" c2="0" c3="206" c4="255"/>
      <Entry c1="255" c2="0" c3="199" c4="255"/>
      <Entry c1="255" c2="0" c3="193" c4="255"/>
      <Entry c1="255" c2="0" c3="187" c4="255"/>
      <Entry c1="255" c2="0" c3="180" c4="255"/>
      <Entry c1="255" c2="0" c3="174" c4="255"/>
      <Entry c1="255" c2="0" c3="167" c4="255"/>
      <Entry c1="255" c2="0" c3="161" c4="255"/>
      <Entry c1="255" c2="0" c3="155" c4="255"/>
      <Entry c1="255" c2="0" c3="148" c4="255"/>
      <Entry c1="255" c2="0" c3="142" c4="255"/>
      <Entry c1="255" c2="0" c3="135" c4="255"/>
      <Entry c1="255" c2="0" c3="129" c4="255"/>
      <Entry c1="255" c2="0" c3="122" c4="255"/>
      <Entry c1="255" c2="0" c3="116" c4="255"/>
      <Entry c1="255" c2="0" c3="110" c4="255"/>
      <Entry c1="255" c2="0" c3="103" c4="255"/>
      <Entry c1="255" c2="0" c3="97" c4="255"/>
      <Entry c1="255" c2="0" c3="90" c4="255"/>
      <Entry c1="255" c2="0" c3="84" c4="255"/>
      <Entry c1="255" c2="0" c3="78" c4="255"/>
      <Entry c1="255" c2="0" c3="71" c4="255"/>
      <Entry c1="255" c2="0" c3="65" c4="255"/>
      <Entry c1="255" c2="0" c3="58" c4="255"/>
      <Entry c1="255" c2="0" c3="52" c4="255"/>
      <Entry c1="255" c2="0" c3="45" c4="255"/>
      <Entry c1="255" c2="0" c3="39" c4="255"/>
      <Entry c1="255" c2="0" c3="33" c4="255"/>
      <Entry c1="255" c2="0" c3="26" c4="255"/>
      <Entry c1="255" c2="0" c3="20" c4="255"/>
      <Entry c1="255" c2="0" c3="13" c4="255"/>
      <Entry c1="255" c2="0" c3="7" c4="255"/>
      <Entry c1="255" c2="0" c3="1" c4="255"/>
    </ColorTable>
    <Metadata>
      <MDI key="COLOR_TABLE_RULES_COUNT">5</MDI>
      <MDI key="COLOR_TABLE_RULE_RGB_0">1.300619e+00 4.104050e+01 255 255 0 0 255 0</MDI>
      <MDI key="COLOR_TABLE_RULE_RGB_1">4.104050e+01 8.078037e+01 0 255 0 0 255 255</MDI>
      <MDI key="COLOR_TABLE_RULE_RGB_2">8.078037e+01 1.205202e+02 0 255 255 0 0 255</MDI>
      <MDI key="COLOR_TABLE_RULE_RGB_3">1.205202e+02 1.602601e+02 0 0 255 255 0 255</MDI>
      <MDI key="COLOR_TABLE_RULE_RGB_4">1.602601e+02 2.000000e+02 255 0 255 255 0 0</MDI>
    </Metadata>
  </PAMRasterBand>
</PAMDataset>
