<PAMDataset>
  <PAMRasterBand band="1">
    <ColorInterp>Palette</ColorInterp>
    <ColorTable>
      <Entry c1="255" c2="255" c3="0" c4="255"/>
      <Entry c1="207" c2="255" c3="0" c4="255"/>
      <Entry c1="158" c2="255" c3="0" c4="255"/>
      <Entry c1="110" c2="255" c3="0" c4="255"/>
      <Entry c1="61" c2="255" c3="0" c4="255"/>
      <Entry c1="13" c2="255" c3="0" c4="255"/>
      <Entry c1="0" c2="255" c3="36" c4="255"/>
      <Entry c1="0" c2="255" c3="85" c4="255"/>
      <Entry c1="0" c2="255" c3="133" c4="255"/>
      <Entry c1="0" c2="255" c3="182" c4="255"/>
      <Entry c1="0" c2="255" c3="230" c4="255"/>
      <Entry c1="0" c2="231" c3="255" c4="255"/>
      <Entry c1="0" c2="183" c3="255" c4="255"/>
      <Entry c1="0" c2="134" c3="255" c4="255"/>
      <Entry c1="0" c2="85" c3="255" c4="255"/>
      <Entry c1="0" c2="37" c3="255" c4="255"/>
      <Entry c1="12" c2="0" c3="255" c4="255"/>
      <Entry c1="60" c2="0" c3="255" c4="255"/>
      <Entry c1="109" c2="0" c3="255" c4="255"/>
      <Entry c1="157" c2="0" c3="255" c4="255"/>
      <Entry c1="206" c2="0" c3="255" c4="255"/>
      <Entry c1="255" c2="0" c3="255" c4="255"/>
      <Entry c1="255" c2="0" c3="207" c4="255"/>
      <Entry c1="255" c2="0" c3="158" c4="255"/>
      <Entry c1="255" c2="0" c3="110" c4="255"/>
      <Entry c1="255" c2="0" c3="61" c4="255"/>
      <Entry c1="255" c2="0" c3="13" c4="255"/>
      <Entry c1="0" c2="0" c3="0" c4="0"/>
    </ColorTable>
    <Metadata>
      <MDI key="COLOR_TABLE_RULES_COUNT">5</MDI>
      <MDI key="COLOR_TABLE_RULE_RGB_0">0.000000e+00 5.250000e+00 255 255 0 0 255 0</MDI>
      <MDI key="COLOR_TABLE_RULE_RGB_1">5.250000e+00 1.050000e+01 0 255 0 0 255 255</MDI>
      <MDI key="COLOR_TABLE_RULE_RGB_2">1.050000e+01 1.575000e+01 0 255 255 0 0 255</MDI>
      <MDI key="COLOR_TABLE_RULE_RGB_3">1.575000e+01 2.100000e+01 0 0 255 255 0 255</MDI>
      <MDI key="COLOR_TABLE_RULE_RGB_4">2.100000e+01 2.625000e+01 255 0 255 255 0 0</MDI>
    </Metadata>
  </PAMRasterBand>
</PAMDataset>
