<PAMDataset>
  <PAMRasterBand band="1">
    <ColorInterp>Palette</ColorInterp>
    <ColorTable>
      <Entry c1="255" c2="255" c3="0" c4="255"/>
      <Entry c1="255" c2="0" c3="1" c4="255"/>
    </ColorTable>
    <Metadata>
      <MDI key="COLOR_TABLE_RULES_COUNT">5</MDI>
      <MDI key="COLOR_TABLE_RULE_RGB_0">0.000000e+00 2.000000e-01 255 255 0 0 255 0</MDI>
      <MDI key="COLOR_TABLE_RULE_RGB_1">2.000000e-01 4.000000e-01 0 255 0 0 255 255</MDI>
      <MDI key="COLOR_TABLE_RULE_RGB_2">4.000000e-01 6.000000e-01 0 255 255 0 0 255</MDI>
      <MDI key="COLOR_TABLE_RULE_RGB_3">6.000000e-01 8.000000e-01 0 0 255 255 0 255</MDI>
      <MDI key="COLOR_TABLE_RULE_RGB_4">8.000000e-01 1.000000e+00 255 0 255 255 0 0</MDI>
    </Metadata>
  </PAMRasterBand>
</PAMDataset>
