<?xml version="1.0" encoding="ISO-8859-1"?>
<!DOCTYPE metadata SYSTEM "http://www.fgdc.gov/metadata/fgdc-std-001-1998.dtd">
<metadata>
	<idinfo>
		<citation>
			<citeinfo>
				<origin>USGS Western Ecological Research Center</origin>
				<pubdate>2009</pubdate>
				<title>Percent rocks used in modeling habitat of the desert tortoise (Gopherus agassizii) in the Mojave and parts of the Sonoran Deserts of California, Nevada, Utah, and Arizona</title>
				<geoform>SDE raster digital data</geoform>
				<onlink>http://pubs.usgs.gov/of/2009/1102/</onlink>
				<ftname Sync="TRUE">a1k_PctRocks.asc</ftname></citeinfo>
		</citation>
		<descript>
			<abstract>Percent rocks. Obtained from STATSGO soil database.</abstract>
			<purpose>These data are intended for geographic display and analysis of tortoise habitat to simulate the potential distribution of the species for a variety of basic and applied questions.</purpose>
			<langdata Sync="TRUE">en</langdata></descript>
		<timeperd>
			<timeinfo>
				<sngdate>
					<caldate>2009</caldate>
				</sngdate>
			</timeinfo>
			<current>ground condition</current>
		</timeperd>
		<status>
			<progress>Complete</progress>
			<update>Unknown</update>
		</status>
		<spdom>
			<bounding>
				<westbc>
-120.971704</westbc>
				<eastbc>
-111.274736</eastbc>
				<northbc>
40.063113</northbc>
				<southbc>
31.403700</southbc>
			</bounding>
			<lboundng><leftbc Sync="TRUE">314025.779200</leftbc><rightbc Sync="TRUE">879975.779326</rightbc><bottombc Sync="TRUE">3594492.608709</bottombc><topbc Sync="TRUE">4323428.209578</topbc></lboundng></spdom>
		<keywords>
			<theme>
				<themekt>ISO 19115 Topic Category</themekt>
				<themekey>biota</themekey>
				<themekey>environment</themekey>
			</theme>
			<theme>
				<themekt>None</themekt>
				<themekey>tortoise</themekey>
				<themekey>Gopherus agassizii</themekey>
				<themekey>habitat</themekey>
				<themekey>conservation</themekey>
			</theme>
			<place>
				<placekt>None</placekt>
				<placekey>Mojave Desert</placekey>
				<placekey>Sonoran Desert</placekey>
				<placekey>California</placekey>
				<placekey>Nevada</placekey>
				<placekey>Utah</placekey>
				<placekey>Arizona</placekey>
			</place>
		</keywords>
		<accconst>None</accconst>
		<useconst>Acknowledgment of the U.S. Geological Survey, Western Ecological Research Center would be appreciated in products derived from these data. Please use citation below.</useconst>
		<ptcontac>
			<cntinfo>
				<cntperp>
					<cntper>Nussear, Kenneth, Ph.D.</cntper>
					<cntorg>USGS Western Ecological Research Center</cntorg>
				</cntperp>
				<cntpos>Research Wildlife Biologist</cntpos>
				<cntaddr>
					<addrtype>mailing and physical address</addrtype>
					<address>USGS Las Vegas Field Station</address>
					<address>160 N Stephanie</address>
					<city>Henderson</city>
					<state>NV</state>
					<postal>89074</postal>
					<country>USA</country>
				</cntaddr>
				<cntvoice>(702) 564-4515</cntvoice>
				<cntfax>(702) 564-4600</cntfax>
				<cntemail>knussear@usgs.gov</cntemail>
			</cntinfo>
		</ptcontac>
		<datacred>U.S. Geological Survey, Western Ecological Research Center</datacred>
		<native>Microsoft Windows Vista Version 6.0 (Build 6001) Service Pack 1; ESRI ArcCatalog 9.3.1.3000</native>
		<crossref>
			<citeinfo>
				<origin>U.S. Geological Survey</origin>
				<pubdate>2009</pubdate>
				<title>Modeling habitat of the desert tortoise (Gopherus agassizii) in the Mojave and parts of the Sonoran Deserts of California, Nevada, Utah, and Arizona</title>
				<othercit>Suggested citation:

Nussear, K.E., Esque, T.C., Inman, R.D., Gass, Leila, Thomas, K.A., Wallace, C.S.A., Blainey, J.B., Miller, D.M., and Webb, R.H., 2009, Modeling habitat of the desert tortoise (Gopherus agassizii) in the Mojave and parts of the Sonoran Deserts of California, Nevada, Utah, and Arizona: U.S. Geological Survey Open-File Report 2009-1102, 18 p.</othercit>
				<onlink>http://pubs.usgs.gov/of/2009/1102/</onlink>
			</citeinfo>
		</crossref>
		<natvform Sync="TRUE">Raster Dataset</natvform></idinfo>
	<dataqual>
		<lineage>
			<procstep>
				<procdesc>Please refer to Nussear, K.E., Esque, T.C., Inman, R.D., Gass, Leila, Thomas, K.A., Wallace, C.S.A., Blainey, J.B., Miller, D.M., and Webb, R.H., 2009, Modeling habitat of the desert tortoise (Gopherus agassizii) in the Mojave and parts of the Sonoran Deserts of California, Nevada, Utah, and Arizona: U.S. Geological Survey Open-File Report 2009-1102, 18 p. (http://pubs.usgs.gov/of/2009/1102/) for complete methodolgy.</procdesc>
				<procdate>20090729</procdate>
				<proctime>11304600</proctime>
			</procstep>
			<procstep>
				<procdesc>Exerpt from report:
"By applying information from the literature and our knowledge or assumptions of environmental variables that could potentially explain variability in the quality of desert tortoise habitat, we developed a quantitative habitat model for the desert tortoise using an extensive set of field-collected presence data. Sixteen environmental data layers were converted into a grid covering the study area and merged with the desert tortoise presence data that we gathered for input into the Maxent habitat-modeling algorithm. This model provides output of the statistical probability of habitat potential that can be used to map potential areas of desert tortoise habitat."</procdesc>
			</procstep>
			<procstep><procdesc Sync="TRUE">Metadata imported.</procdesc><srcused Sync="TRUE">C:\Documents and Settings\aterry\Desktop\dt_habitatmodel_fgdcmetadata.xml</srcused><procdate Sync="TRUE">20100414</procdate><proctime Sync="TRUE">14334300</proctime></procstep><srcinfo><srccite><citeinfo><title>pctRocks.asc</title></citeinfo></srccite></srcinfo></lineage>
	</dataqual>
	<spdoinfo>
		<direct>Raster</direct>
		<rastinfo>
			<rasttype>Pixel</rasttype>
			<rowcount>840</rowcount>
			<colcount>709</colcount>
			<vrtcount>1</vrtcount>
			<rastxsz Sync="TRUE">999.911661</rastxsz><rastysz Sync="TRUE">999.911661</rastysz><rastbpp Sync="TRUE">32</rastbpp><rastorig Sync="TRUE">Upper Left</rastorig><rastcmap Sync="TRUE">FALSE</rastcmap><rastcomp Sync="TRUE">None</rastcomp><rastband Sync="TRUE">1</rastband><rastdtyp Sync="TRUE">pixel codes</rastdtyp><rastifor Sync="TRUE">AAIGrid</rastifor><rastplyr Sync="TRUE">FALSE</rastplyr></rastinfo>
	</spdoinfo>
	<spref>
		<horizsys>
			<planar>
				<mapproj>
					<mapprojn>Albers Conical Equal Area</mapprojn>
					<albers>
						<stdparll>29.500000</stdparll>
						<stdparll>45.500000</stdparll>
						<longcm>-96.000000</longcm>
						<latprjo>37.500000</latprjo>
						<feast>0.000000</feast>
						<fnorth>0.000000</fnorth>
					</albers>
				</mapproj>
				<planci>
					<plance>row and column</plance>
					<coordrep>
						<absres>999.911660</absres>
						<ordres>999.911660</ordres>
					</coordrep>
					<plandu>meters</plandu>
				</planci>
			</planar>
			<geodetic>
				<horizdn>North American Datum of 1983</horizdn>
				<ellips>Geodetic Reference System 80</ellips>
				<semiaxis>6378137.000000</semiaxis>
				<denflat>298.257222</denflat>
			</geodetic>
		</horizsys>
		<vertdef>
			<altsys>
				<altres>1.000000</altres>
				<altenc>Explicit elevation coordinate included with horizontal coordinates</altenc>
			</altsys>
		</vertdef>
	</spref>
	<distinfo>
		<resdesc>Downloadable Data
http://pubs.usgs.gov/of/2009/1102/</resdesc>
		<distliab>Although these data have been processed successfully on a computer system at the U.S. Geological Survey, no warranty expressed or implied is made by the U.S. Geological Survey regarding the utility of the data on any other system, nor shall the act of distribution constitute any such warranty. No responsibility is assumed by the U.S. Geological Survey in the use of these data.</distliab>
		<techpreq>The binned output for the Desert Tortoise habitat model is being distributed in a GIS Raster format in an ESRI ASCII Grid file format. This consists of 3 files. 

1. Maxent10_binned_OFR.asc - contains the raster file data
2. Maxent10_binned_OFR.prj - contains the projection information
3. Maxent10_binned_OFR.asc.aux.xml - contains the color table rules as given in Figure 6.

This GIS coverage can be opened using a variety of GIS software, including (but not limited to)

1. QGIS - open source: multiple platforms - opens ASC files natively
2. GRASS - open source: multiple platforms - use the 'r.in.gdal', or 'r.in.arc' functions
3. ArcGIS - proprietary: MS Windows only: Use ArcTools's Import ASCII to GRID function
4. ArcView - proprietary: MS Windows only: use the import ASCII Grid function (May need Spatial Analyst)

For those software packages that do not natively support ESRI ASCII Grids, a full description of the data format follows. There are many resources available on the internet that convert ACSCII grid formats to xyz triplets.</techpreq>
	</distinfo>
	<metainfo>
		<metd>20090729</metd>
		<metc>
			<cntinfo>
				<cntorgp>
					<cntorg>U.S. Geological Survey, Western Ecological Research Center</cntorg>
					<cntper>Nussear, Kenneth, Ph.D.</cntper>
				</cntorgp>
				<cntpos>Research Wildlife Biologist</cntpos>
				<cntaddr>
					<addrtype>mailing and physical address</addrtype>
					<address>USGS Las Vegas Field Station</address>
					<address>160 N Stephanie</address>
					<city>Henderson</city>
					<state>NV</state>
					<postal>89074</postal>
					<country>USA</country>
				</cntaddr>
				<cntvoice>(702) 564-4515</cntvoice>
				<cntfax>(702) 564-4600</cntfax>
				<cntemail>knussear@usgs.gov</cntemail>
			</cntinfo>
		</metc>
		<metstdn>FGDC Content Standards for Digital Geospatial Metadata</metstdn>
		<metstdv>FGDC-STD-001-1998</metstdv>
		<mettc>local time</mettc>
		<metextns>
			<onlink>http://www.esri.com/metadata/esriprof80.html</onlink>
			<metprof>ESRI Metadata Profile</metprof>
		</metextns>
		<metextns>
			<onlink>http://www.esri.com/metadata/esriprof80.html</onlink>
			<metprof>ESRI Metadata Profile</metprof>
		</metextns>
		<langmeta Sync="TRUE">en</langmeta><metextns><onlink Sync="TRUE">http://www.esri.com/metadata/esriprof80.html</onlink><metprof Sync="TRUE">ESRI Metadata Profile</metprof></metextns></metainfo>
	<Esri><MetaID>{266C15DC-A5A7-4D9C-9DEA-2CD594FCBB87}</MetaID><CreaDate>20100414</CreaDate><CreaTime>14334300</CreaTime><SyncOnce>FALSE</SyncOnce><SyncDate>20100414</SyncDate><SyncTime>15303500</SyncTime><ModDate>20100414</ModDate><ModTime>15303500</ModTime></Esri><dataIdInfo><envirDesc Sync="TRUE">Microsoft Windows XP Version 5.1 (Build 2600) Service Pack 3; ESRI ArcCatalog 9.3.1.1850</envirDesc><dataLang><languageCode Sync="TRUE" value="en"></languageCode></dataLang><idCitation><resTitle Sync="TRUE">a1k_PctRocks.asc</resTitle><presForm><PresFormCd Sync="TRUE" value="005"></PresFormCd></presForm></idCitation><spatRpType><SpatRepTypCd Sync="TRUE" value="002"></SpatRepTypCd></spatRpType><dataExt><geoEle><GeoBndBox esriExtentType="native"><westBL Sync="TRUE">314025.7792</westBL><eastBL Sync="TRUE">879975.779326</eastBL><northBL Sync="TRUE">4323428.209578</northBL><southBL Sync="TRUE">3594492.608709</southBL><exTypeCode Sync="TRUE">1</exTypeCode></GeoBndBox></geoEle></dataExt></dataIdInfo><mdLang><languageCode Sync="TRUE" value="en"></languageCode></mdLang><mdStanName Sync="TRUE">ISO 19115 Geographic Information - Metadata</mdStanName><mdStanVer Sync="TRUE">DIS_ESRI1.0</mdStanVer><mdChar><CharSetCd Sync="TRUE" value="004"></CharSetCd></mdChar><mdHrLv><ScopeCd Sync="TRUE" value="005"></ScopeCd></mdHrLv><mdHrLvName Sync="TRUE">dataset</mdHrLvName><distInfo><distributor><distorTran><onLineSrc><linkage Sync="TRUE">file://Z:\Modeling\Species_specific\Desert_tortoise\Desert_tortosie_hm2\FinalInputASC\a1k_PctRocks.asc</linkage><protocol Sync="TRUE">Local Area Network</protocol><orDesc Sync="TRUE">002</orDesc></onLineSrc></distorTran><distorFormat><formatName Sync="TRUE">Raster Dataset</formatName></distorFormat></distributor></distInfo><mdDateSt Sync="TRUE">20100414</mdDateSt></metadata>
