<PAMDataset>
  <PAMRasterBand band="1">
    <ColorInterp>Palette</ColorInterp>
    <ColorTable>
      <Entry c1="0" c2="0" c3="0" c4="0"/>
      <Entry c1="0" c2="255" c3="193" c4="255"/>
      <Entry c1="0" c2="0" c3="0" c4="0"/>
    </ColorTable>
    <Metadata>
      <MDI key="COLOR_TABLE_RULES_COUNT">5</MDI>
      <MDI key="COLOR_TABLE_RULE_RGB_0">5.002568e-01 7.840828e-01 255 255 0 0 255 0</MDI>
      <MDI key="COLOR_TABLE_RULE_RGB_1">7.840828e-01 1.067909e+00 0 255 0 0 255 255</MDI>
      <MDI key="COLOR_TABLE_RULE_RGB_2">1.067909e+00 1.351735e+00 0 255 255 0 0 255</MDI>
      <MDI key="COLOR_TABLE_RULE_RGB_3">1.351735e+00 1.635561e+00 0 0 255 255 0 255</MDI>
      <MDI key="COLOR_TABLE_RULE_RGB_4">1.635561e+00 1.919387e+00 255 0 255 255 0 0</MDI>
    </Metadata>
  </PAMRasterBand>
</PAMDataset>
