<PAMDataset>
  <PAMRasterBand band="1">
    <ColorInterp>Palette</ColorInterp>
    <ColorTable>
      <Entry c1="255" c2="255" c3="255" c4="255"/>
      <Entry c1="255" c2="255" c3="128" c4="255"/>
      <Entry c1="255" c2="255" c3="0" c4="255"/>
      <Entry c1="170" c2="255" c3="0" c4="255"/>
      <Entry c1="85" c2="255" c3="0" c4="255"/>
      <Entry c1="0" c2="255" c3="0" c4="255"/>
      <Entry c1="0" c2="255" c3="51" c4="255"/>
      <Entry c1="0" c2="255" c3="102" c4="255"/>
      <Entry c1="0" c2="255" c3="153" c4="255"/>
      <Entry c1="0" c2="255" c3="204" c4="255"/>
      <Entry c1="0" c2="255" c3="255" c4="255"/>
      <Entry c1="0" c2="204" c3="255" c4="255"/>
      <Entry c1="0" c2="153" c3="255" c4="255"/>
      <Entry c1="0" c2="102" c3="255" c4="255"/>
      <Entry c1="0" c2="51" c3="255" c4="255"/>
      <Entry c1="0" c2="0" c3="255" c4="255"/>
      <Entry c1="17" c2="0" c3="255" c4="255"/>
      <Entry c1="34" c2="0" c3="255" c4="255"/>
      <Entry c1="51" c2="0" c3="255" c4="255"/>
      <Entry c1="68" c2="0" c3="255" c4="255"/>
      <Entry c1="85" c2="0" c3="255" c4="255"/>
      <Entry c1="102" c2="0" c3="255" c4="255"/>
      <Entry c1="119" c2="0" c3="255" c4="255"/>
      <Entry c1="136" c2="0" c3="255" c4="255"/>
      <Entry c1="153" c2="0" c3="255" c4="255"/>
      <Entry c1="170" c2="0" c3="255" c4="255"/>
      <Entry c1="187" c2="0" c3="255" c4="255"/>
      <Entry c1="204" c2="0" c3="255" c4="255"/>
      <Entry c1="221" c2="0" c3="255" c4="255"/>
      <Entry c1="238" c2="0" c3="255" c4="255"/>
      <Entry c1="255" c2="0" c3="255" c4="255"/>
      <Entry c1="255" c2="0" c3="243" c4="255"/>
      <Entry c1="255" c2="0" c3="230" c4="255"/>
      <Entry c1="255" c2="0" c3="217" c4="255"/>
      <Entry c1="255" c2="0" c3="204" c4="255"/>
      <Entry c1="255" c2="0" c3="192" c4="255"/>
      <Entry c1="255" c2="0" c3="179" c4="255"/>
      <Entry c1="255" c2="0" c3="166" c4="255"/>
      <Entry c1="255" c2="0" c3="153" c4="255"/>
      <Entry c1="255" c2="0" c3="141" c4="255"/>
      <Entry c1="255" c2="0" c3="128" c4="255"/>
      <Entry c1="255" c2="0" c3="115" c4="255"/>
      <Entry c1="255" c2="0" c3="102" c4="255"/>
      <Entry c1="255" c2="0" c3="90" c4="255"/>
      <Entry c1="255" c2="0" c3="77" c4="255"/>
      <Entry c1="255" c2="0" c3="64" c4="255"/>
      <Entry c1="255" c2="0" c3="51" c4="255"/>
      <Entry c1="255" c2="0" c3="39" c4="255"/>
      <Entry c1="255" c2="0" c3="26" c4="255"/>
      <Entry c1="255" c2="0" c3="13" c4="255"/>
      <Entry c1="255" c2="0" c3="0" c4="255"/>
      <Entry c1="249" c2="0" c3="0" c4="255"/>
      <Entry c1="243" c2="0" c3="0" c4="255"/>
      <Entry c1="236" c2="0" c3="0" c4="255"/>
      <Entry c1="230" c2="0" c3="0" c4="255"/>
      <Entry c1="224" c2="0" c3="0" c4="255"/>
      <Entry c1="217" c2="0" c3="0" c4="255"/>
      <Entry c1="211" c2="0" c3="0" c4="255"/>
      <Entry c1="204" c2="0" c3="0" c4="255"/>
      <Entry c1="198" c2="0" c3="0" c4="255"/>
      <Entry c1="192" c2="0" c3="0" c4="255"/>
      <Entry c1="185" c2="0" c3="0" c4="255"/>
      <Entry c1="179" c2="0" c3="0" c4="255"/>
      <Entry c1="173" c2="0" c3="0" c4="255"/>
      <Entry c1="166" c2="0" c3="0" c4="255"/>
      <Entry c1="160" c2="0" c3="0" c4="255"/>
      <Entry c1="153" c2="0" c3="0" c4="255"/>
      <Entry c1="147" c2="0" c3="0" c4="255"/>
      <Entry c1="141" c2="0" c3="0" c4="255"/>
      <Entry c1="134" c2="0" c3="0" c4="255"/>
      <Entry c1="128" c2="0" c3="0" c4="255"/>
      <Entry c1="122" c2="0" c3="0" c4="255"/>
      <Entry c1="115" c2="0" c3="0" c4="255"/>
      <Entry c1="109" c2="0" c3="0" c4="255"/>
      <Entry c1="102" c2="0" c3="0" c4="255"/>
      <Entry c1="96" c2="0" c3="0" c4="255"/>
      <Entry c1="90" c2="0" c3="0" c4="255"/>
      <Entry c1="83" c2="0" c3="0" c4="255"/>
      <Entry c1="77" c2="0" c3="0" c4="255"/>
      <Entry c1="71" c2="0" c3="0" c4="255"/>
      <Entry c1="64" c2="0" c3="0" c4="255"/>
    </ColorTable>
    <Metadata>
      <MDI key="COLOR_TABLE_RULES_COUNT">84</MDI>
      <MDI key="COLOR_TABLE_RULE_RGB_0">0.000000e+00 0.000000e+00 255 255 255 255 255 255</MDI>
      <MDI key="COLOR_TABLE_RULE_RGB_1">1.000000e+00 1.000000e+00 255 255 128 255 255 128</MDI>
      <MDI key="COLOR_TABLE_RULE_RGB_2">2.000000e+00 2.000000e+00 255 255 0 255 255 0</MDI>
      <MDI key="COLOR_TABLE_RULE_RGB_3">3.000000e+00 3.000000e+00 170 255 0 170 255 0</MDI>
      <MDI key="COLOR_TABLE_RULE_RGB_4">4.000000e+00 4.000000e+00 85 255 0 85 255 0</MDI>
      <MDI key="COLOR_TABLE_RULE_RGB_5">5.000000e+00 5.000000e+00 0 255 0 0 255 0</MDI>
      <MDI key="COLOR_TABLE_RULE_RGB_6">6.000000e+00 6.000000e+00 0 255 51 0 255 51</MDI>
      <MDI key="COLOR_TABLE_RULE_RGB_7">7.000000e+00 7.000000e+00 0 255 102 0 255 102</MDI>
      <MDI key="COLOR_TABLE_RULE_RGB_8">8.000000e+00 8.000000e+00 0 255 153 0 255 153</MDI>
      <MDI key="COLOR_TABLE_RULE_RGB_9">9.000000e+00 9.000000e+00 0 255 204 0 255 204</MDI>
      <MDI key="COLOR_TABLE_RULE_RGB_10">1.000000e+01 1.000000e+01 0 255 255 0 255 255</MDI>
      <MDI key="COLOR_TABLE_RULE_RGB_11">1.100000e+01 1.100000e+01 0 204 255 0 204 255</MDI>
      <MDI key="COLOR_TABLE_RULE_RGB_12">1.200000e+01 1.200000e+01 0 153 255 0 153 255</MDI>
      <MDI key="COLOR_TABLE_RULE_RGB_13">1.300000e+01 1.300000e+01 0 102 255 0 102 255</MDI>
      <MDI key="COLOR_TABLE_RULE_RGB_14">1.400000e+01 1.400000e+01 0 51 255 0 51 255</MDI>
      <MDI key="COLOR_TABLE_RULE_RGB_15">1.500000e+01 1.500000e+01 0 0 255 0 0 255</MDI>
      <MDI key="COLOR_TABLE_RULE_RGB_16">1.600000e+01 1.600000e+01 17 0 255 17 0 255</MDI>
      <MDI key="COLOR_TABLE_RULE_RGB_17">1.700000e+01 1.700000e+01 34 0 255 34 0 255</MDI>
      <MDI key="COLOR_TABLE_RULE_RGB_18">1.800000e+01 1.800000e+01 51 0 255 51 0 255</MDI>
      <MDI key="COLOR_TABLE_RULE_RGB_19">1.900000e+01 1.900000e+01 68 0 255 68 0 255</MDI>
      <MDI key="COLOR_TABLE_RULE_RGB_20">2.000000e+01 2.000000e+01 85 0 255 85 0 255</MDI>
      <MDI key="COLOR_TABLE_RULE_RGB_21">2.100000e+01 2.100000e+01 102 0 255 102 0 255</MDI>
      <MDI key="COLOR_TABLE_RULE_RGB_22">2.200000e+01 2.200000e+01 119 0 255 119 0 255</MDI>
      <MDI key="COLOR_TABLE_RULE_RGB_23">2.300000e+01 2.300000e+01 136 0 255 136 0 255</MDI>
      <MDI key="COLOR_TABLE_RULE_RGB_24">2.400000e+01 2.400000e+01 153 0 255 153 0 255</MDI>
      <MDI key="COLOR_TABLE_RULE_RGB_25">2.500000e+01 2.500000e+01 170 0 255 170 0 255</MDI>
      <MDI key="COLOR_TABLE_RULE_RGB_26">2.600000e+01 2.600000e+01 187 0 255 187 0 255</MDI>
      <MDI key="COLOR_TABLE_RULE_RGB_27">2.700000e+01 2.700000e+01 204 0 255 204 0 255</MDI>
      <MDI key="COLOR_TABLE_RULE_RGB_28">2.800000e+01 2.800000e+01 221 0 255 221 0 255</MDI>
      <MDI key="COLOR_TABLE_RULE_RGB_29">2.900000e+01 2.900000e+01 238 0 255 238 0 255</MDI>
      <MDI key="COLOR_TABLE_RULE_RGB_30">3.000000e+01 3.000000e+01 255 0 255 255 0 255</MDI>
      <MDI key="COLOR_TABLE_RULE_RGB_31">3.100000e+01 3.100000e+01 255 0 243 255 0 243</MDI>
      <MDI key="COLOR_TABLE_RULE_RGB_32">3.200000e+01 3.200000e+01 255 0 230 255 0 230</MDI>
      <MDI key="COLOR_TABLE_RULE_RGB_33">3.300000e+01 3.300000e+01 255 0 217 255 0 217</MDI>
      <MDI key="COLOR_TABLE_RULE_RGB_34">3.400000e+01 3.400000e+01 255 0 204 255 0 204</MDI>
      <MDI key="COLOR_TABLE_RULE_RGB_35">3.500000e+01 3.500000e+01 255 0 192 255 0 192</MDI>
      <MDI key="COLOR_TABLE_RULE_RGB_36">3.600000e+01 3.600000e+01 255 0 179 255 0 179</MDI>
      <MDI key="COLOR_TABLE_RULE_RGB_37">3.700000e+01 3.700000e+01 255 0 166 255 0 166</MDI>
      <MDI key="COLOR_TABLE_RULE_RGB_38">3.800000e+01 3.800000e+01 255 0 153 255 0 153</MDI>
      <MDI key="COLOR_TABLE_RULE_RGB_39">3.900000e+01 3.900000e+01 255 0 141 255 0 141</MDI>
      <MDI key="COLOR_TABLE_RULE_RGB_40">4.000000e+01 4.000000e+01 255 0 128 255 0 128</MDI>
      <MDI key="COLOR_TABLE_RULE_RGB_41">4.100000e+01 4.100000e+01 255 0 115 255 0 115</MDI>
      <MDI key="COLOR_TABLE_RULE_RGB_42">4.200000e+01 4.200000e+01 255 0 102 255 0 102</MDI>
      <MDI key="COLOR_TABLE_RULE_RGB_43">4.300000e+01 4.300000e+01 255 0 90 255 0 90</MDI>
      <MDI key="COLOR_TABLE_RULE_RGB_44">4.400000e+01 4.400000e+01 255 0 77 255 0 77</MDI>
      <MDI key="COLOR_TABLE_RULE_RGB_45">4.500000e+01 4.500000e+01 255 0 64 255 0 64</MDI>
      <MDI key="COLOR_TABLE_RULE_RGB_46">4.600000e+01 4.600000e+01 255 0 51 255 0 51</MDI>
      <MDI key="COLOR_TABLE_RULE_RGB_47">4.700000e+01 4.700000e+01 255 0 39 255 0 39</MDI>
      <MDI key="COLOR_TABLE_RULE_RGB_48">4.800000e+01 4.800000e+01 255 0 26 255 0 26</MDI>
      <MDI key="COLOR_TABLE_RULE_RGB_49">4.900000e+01 4.900000e+01 255 0 13 255 0 13</MDI>
      <MDI key="COLOR_TABLE_RULE_RGB_50">5.000000e+01 5.000000e+01 255 0 0 255 0 0</MDI>
      <MDI key="COLOR_TABLE_RULE_RGB_51">5.100000e+01 5.100000e+01 249 0 0 249 0 0</MDI>
      <MDI key="COLOR_TABLE_RULE_RGB_52">5.200000e+01 5.200000e+01 243 0 0 243 0 0</MDI>
      <MDI key="COLOR_TABLE_RULE_RGB_53">5.300000e+01 5.300000e+01 236 0 0 236 0 0</MDI>
      <MDI key="COLOR_TABLE_RULE_RGB_54">5.400000e+01 5.400000e+01 230 0 0 230 0 0</MDI>
      <MDI key="COLOR_TABLE_RULE_RGB_55">5.500000e+01 5.500000e+01 224 0 0 224 0 0</MDI>
      <MDI key="COLOR_TABLE_RULE_RGB_56">5.600000e+01 5.600000e+01 217 0 0 217 0 0</MDI>
      <MDI key="COLOR_TABLE_RULE_RGB_57">5.700000e+01 5.700000e+01 211 0 0 211 0 0</MDI>
      <MDI key="COLOR_TABLE_RULE_RGB_58">5.800000e+01 5.800000e+01 204 0 0 204 0 0</MDI>
      <MDI key="COLOR_TABLE_RULE_RGB_59">5.900000e+01 5.900000e+01 198 0 0 198 0 0</MDI>
      <MDI key="COLOR_TABLE_RULE_RGB_60">6.000000e+01 6.000000e+01 192 0 0 192 0 0</MDI>
      <MDI key="COLOR_TABLE_RULE_RGB_61">6.100000e+01 6.100000e+01 185 0 0 185 0 0</MDI>
      <MDI key="COLOR_TABLE_RULE_RGB_62">6.200000e+01 6.200000e+01 179 0 0 179 0 0</MDI>
      <MDI key="COLOR_TABLE_RULE_RGB_63">6.300000e+01 6.300000e+01 173 0 0 173 0 0</MDI>
      <MDI key="COLOR_TABLE_RULE_RGB_64">6.400000e+01 6.400000e+01 166 0 0 166 0 0</MDI>
      <MDI key="COLOR_TABLE_RULE_RGB_65">6.500000e+01 6.500000e+01 160 0 0 160 0 0</MDI>
      <MDI key="COLOR_TABLE_RULE_RGB_66">6.600000e+01 6.600000e+01 153 0 0 153 0 0</MDI>
      <MDI key="COLOR_TABLE_RULE_RGB_67">6.700000e+01 6.700000e+01 147 0 0 147 0 0</MDI>
      <MDI key="COLOR_TABLE_RULE_RGB_68">6.800000e+01 6.800000e+01 141 0 0 141 0 0</MDI>
      <MDI key="COLOR_TABLE_RULE_RGB_69">6.900000e+01 6.900000e+01 134 0 0 134 0 0</MDI>
      <MDI key="COLOR_TABLE_RULE_RGB_70">7.000000e+01 7.000000e+01 128 0 0 128 0 0</MDI>
      <MDI key="COLOR_TABLE_RULE_RGB_71">7.100000e+01 7.100000e+01 122 0 0 122 0 0</MDI>
      <MDI key="COLOR_TABLE_RULE_RGB_72">7.200000e+01 7.200000e+01 115 0 0 115 0 0</MDI>
      <MDI key="COLOR_TABLE_RULE_RGB_73">7.300000e+01 7.300000e+01 109 0 0 109 0 0</MDI>
      <MDI key="COLOR_TABLE_RULE_RGB_74">7.400000e+01 7.400000e+01 102 0 0 102 0 0</MDI>
      <MDI key="COLOR_TABLE_RULE_RGB_75">7.500000e+01 7.500000e+01 96 0 0 96 0 0</MDI>
      <MDI key="COLOR_TABLE_RULE_RGB_76">7.600000e+01 7.600000e+01 90 0 0 90 0 0</MDI>
      <MDI key="COLOR_TABLE_RULE_RGB_77">7.700000e+01 7.700000e+01 83 0 0 83 0 0</MDI>
      <MDI key="COLOR_TABLE_RULE_RGB_78">7.800000e+01 7.800000e+01 77 0 0 77 0 0</MDI>
      <MDI key="COLOR_TABLE_RULE_RGB_79">7.900000e+01 7.900000e+01 71 0 0 71 0 0</MDI>
      <MDI key="COLOR_TABLE_RULE_RGB_80">8.000000e+01 8.000000e+01 64 0 0 64 0 0</MDI>
      <MDI key="COLOR_TABLE_RULE_RGB_81">8.100000e+01 8.100000e+01 58 0 0 58 0 0</MDI>
      <MDI key="COLOR_TABLE_RULE_RGB_82">8.200000e+01 8.200000e+01 51 0 0 51 0 0</MDI>
      <MDI key="COLOR_TABLE_RULE_RGB_83">8.300000e+01 8.300000e+01 45 0 0 45 0 0</MDI>
    </Metadata>
  </PAMRasterBand>
</PAMDataset>
