<PAMDataset>
  <PAMRasterBand band="1">
    <ColorInterp>Palette</ColorInterp>
    <ColorTable>
      <Entry c1="255" c2="255" c3="0" c4="255"/>
      <Entry c1="253" c2="255" c3="0" c4="255"/>
      <Entry c1="250" c2="255" c3="0" c4="255"/>
      <Entry c1="248" c2="255" c3="0" c4="255"/>
      <Entry c1="245" c2="255" c3="0" c4="255"/>
      <Entry c1="243" c2="255" c3="0" c4="255"/>
      <Entry c1="240" c2="255" c3="0" c4="255"/>
      <Entry c1="238" c2="255" c3="0" c4="255"/>
      <Entry c1="235" c2="255" c3="0" c4="255"/>
      <Entry c1="233" c2="255" c3="0" c4="255"/>
      <Entry c1="230" c2="255" c3="0" c4="255"/>
      <Entry c1="228" c2="255" c3="0" c4="255"/>
      <Entry c1="225" c2="255" c3="0" c4="255"/>
      <Entry c1="222" c2="255" c3="0" c4="255"/>
      <Entry c1="220" c2="255" c3="0" c4="255"/>
      <Entry c1="217" c2="255" c3="0" c4="255"/>
      <Entry c1="215" c2="255" c3="0" c4="255"/>
      <Entry c1="212" c2="255" c3="0" c4="255"/>
      <Entry c1="210" c2="255" c3="0" c4="255"/>
      <Entry c1="207" c2="255" c3="0" c4="255"/>
      <Entry c1="205" c2="255" c3="0" c4="255"/>
      <Entry c1="202" c2="255" c3="0" c4="255"/>
      <Entry c1="200" c2="255" c3="0" c4="255"/>
      <Entry c1="197" c2="255" c3="0" c4="255"/>
      <Entry c1="194" c2="255" c3="0" c4="255"/>
      <Entry c1="192" c2="255" c3="0" c4="255"/>
      <Entry c1="189" c2="255" c3="0" c4="255"/>
      <Entry c1="187" c2="255" c3="0" c4="255"/>
      <Entry c1="184" c2="255" c3="0" c4="255"/>
      <Entry c1="182" c2="255" c3="0" c4="255"/>
      <Entry c1="179" c2="255" c3="0" c4="255"/>
      <Entry c1="177" c2="255" c3="0" c4="255"/>
      <Entry c1="174" c2="255" c3="0" c4="255"/>
      <Entry c1="172" c2="255" c3="0" c4="255"/>
      <Entry c1="169" c2="255" c3="0" c4="255"/>
      <Entry c1="166" c2="255" c3="0" c4="255"/>
      <Entry c1="164" c2="255" c3="0" c4="255"/>
      <Entry c1="161" c2="255" c3="0" c4="255"/>
      <Entry c1="159" c2="255" c3="0" c4="255"/>
      <Entry c1="156" c2="255" c3="0" c4="255"/>
      <Entry c1="154" c2="255" c3="0" c4="255"/>
      <Entry c1="151" c2="255" c3="0" c4="255"/>
      <Entry c1="149" c2="255" c3="0" c4="255"/>
      <Entry c1="146" c2="255" c3="0" c4="255"/>
      <Entry c1="144" c2="255" c3="0" c4="255"/>
      <Entry c1="141" c2="255" c3="0" c4="255"/>
      <Entry c1="138" c2="255" c3="0" c4="255"/>
      <Entry c1="136" c2="255" c3="0" c4="255"/>
      <Entry c1="133" c2="255" c3="0" c4="255"/>
      <Entry c1="131" c2="255" c3="0" c4="255"/>
      <Entry c1="128" c2="255" c3="0" c4="255"/>
      <Entry c1="126" c2="255" c3="0" c4="255"/>
      <Entry c1="123" c2="255" c3="0" c4="255"/>
      <Entry c1="121" c2="255" c3="0" c4="255"/>
      <Entry c1="118" c2="255" c3="0" c4="255"/>
      <Entry c1="116" c2="255" c3="0" c4="255"/>
      <Entry c1="113" c2="255" c3="0" c4="255"/>
      <Entry c1="110" c2="255" c3="0" c4="255"/>
      <Entry c1="108" c2="255" c3="0" c4="255"/>
      <Entry c1="105" c2="255" c3="0" c4="255"/>
      <Entry c1="103" c2="255" c3="0" c4="255"/>
      <Entry c1="100" c2="255" c3="0" c4="255"/>
      <Entry c1="98" c2="255" c3="0" c4="255"/>
      <Entry c1="95" c2="255" c3="0" c4="255"/>
      <Entry c1="93" c2="255" c3="0" c4="255"/>
      <Entry c1="90" c2="255" c3="0" c4="255"/>
      <Entry c1="88" c2="255" c3="0" c4="255"/>
      <Entry c1="85" c2="255" c3="0" c4="255"/>
      <Entry c1="82" c2="255" c3="0" c4="255"/>
      <Entry c1="80" c2="255" c3="0" c4="255"/>
      <Entry c1="77" c2="255" c3="0" c4="255"/>
      <Entry c1="75" c2="255" c3="0" c4="255"/>
      <Entry c1="72" c2="255" c3="0" c4="255"/>
      <Entry c1="70" c2="255" c3="0" c4="255"/>
      <Entry c1="67" c2="255" c3="0" c4="255"/>
      <Entry c1="65" c2="255" c3="0" c4="255"/>
      <Entry c1="62" c2="255" c3="0" c4="255"/>
      <Entry c1="60" c2="255" c3="0" c4="255"/>
      <Entry c1="57" c2="255" c3="0" c4="255"/>
      <Entry c1="54" c2="255" c3="0" c4="255"/>
      <Entry c1="52" c2="255" c3="0" c4="255"/>
      <Entry c1="49" c2="255" c3="0" c4="255"/>
      <Entry c1="47" c2="255" c3="0" c4="255"/>
      <Entry c1="44" c2="255" c3="0" c4="255"/>
      <Entry c1="42" c2="255" c3="0" c4="255"/>
      <Entry c1="39" c2="255" c3="0" c4="255"/>
      <Entry c1="37" c2="255" c3="0" c4="255"/>
      <Entry c1="34" c2="255" c3="0" c4="255"/>
      <Entry c1="32" c2="255" c3="0" c4="255"/>
      <Entry c1="29" c2="255" c3="0" c4="255"/>
      <Entry c1="26" c2="255" c3="0" c4="255"/>
      <Entry c1="24" c2="255" c3="0" c4="255"/>
      <Entry c1="21" c2="255" c3="0" c4="255"/>
      <Entry c1="19" c2="255" c3="0" c4="255"/>
      <Entry c1="16" c2="255" c3="0" c4="255"/>
      <Entry c1="14" c2="255" c3="0" c4="255"/>
      <Entry c1="11" c2="255" c3="0" c4="255"/>
      <Entry c1="9" c2="255" c3="0" c4="255"/>
      <Entry c1="6" c2="255" c3="0" c4="255"/>
      <Entry c1="4" c2="255" c3="0" c4="255"/>
      <Entry c1="1" c2="255" c3="0" c4="255"/>
      <Entry c1="0" c2="255" c3="2" c4="255"/>
      <Entry c1="0" c2="255" c3="4" c4="255"/>
      <Entry c1="0" c2="255" c3="7" c4="255"/>
      <Entry c1="0" c2="255" c3="9" c4="255"/>
      <Entry c1="0" c2="255" c3="12" c4="255"/>
      <Entry c1="0" c2="255" c3="14" c4="255"/>
      <Entry c1="0" c2="255" c3="17" c4="255"/>
      <Entry c1="0" c2="255" c3="19" c4="255"/>
      <Entry c1="0" c2="255" c3="22" c4="255"/>
      <Entry c1="0" c2="255" c3="24" c4="255"/>
      <Entry c1="0" c2="255" c3="27" c4="255"/>
      <Entry c1="0" c2="255" c3="30" c4="255"/>
      <Entry c1="0" c2="255" c3="32" c4="255"/>
      <Entry c1="0" c2="255" c3="35" c4="255"/>
      <Entry c1="0" c2="255" c3="37" c4="255"/>
      <Entry c1="0" c2="255" c3="40" c4="255"/>
      <Entry c1="0" c2="255" c3="42" c4="255"/>
      <Entry c1="0" c2="255" c3="45" c4="255"/>
      <Entry c1="0" c2="255" c3="47" c4="255"/>
      <Entry c1="0" c2="255" c3="50" c4="255"/>
      <Entry c1="0" c2="255" c3="52" c4="255"/>
      <Entry c1="0" c2="255" c3="55" c4="255"/>
      <Entry c1="0" c2="255" c3="58" c4="255"/>
      <Entry c1="0" c2="255" c3="60" c4="255"/>
      <Entry c1="0" c2="255" c3="63" c4="255"/>
      <Entry c1="0" c2="255" c3="65" c4="255"/>
      <Entry c1="0" c2="255" c3="68" c4="255"/>
      <Entry c1="0" c2="255" c3="70" c4="255"/>
      <Entry c1="0" c2="255" c3="73" c4="255"/>
      <Entry c1="0" c2="255" c3="75" c4="255"/>
      <Entry c1="0" c2="255" c3="78" c4="255"/>
      <Entry c1="0" c2="255" c3="80" c4="255"/>
      <Entry c1="0" c2="255" c3="83" c4="255"/>
      <Entry c1="0" c2="255" c3="86" c4="255"/>
      <Entry c1="0" c2="255" c3="88" c4="255"/>
      <Entry c1="0" c2="255" c3="91" c4="255"/>
      <Entry c1="0" c2="255" c3="93" c4="255"/>
      <Entry c1="0" c2="255" c3="96" c4="255"/>
      <Entry c1="0" c2="255" c3="98" c4="255"/>
      <Entry c1="0" c2="255" c3="101" c4="255"/>
      <Entry c1="0" c2="255" c3="103" c4="255"/>
      <Entry c1="0" c2="255" c3="106" c4="255"/>
      <Entry c1="0" c2="255" c3="108" c4="255"/>
      <Entry c1="0" c2="255" c3="111" c4="255"/>
      <Entry c1="0" c2="255" c3="114" c4="255"/>
      <Entry c1="0" c2="255" c3="116" c4="255"/>
      <Entry c1="0" c2="255" c3="119" c4="255"/>
      <Entry c1="0" c2="255" c3="121" c4="255"/>
      <Entry c1="0" c2="255" c3="124" c4="255"/>
      <Entry c1="0" c2="255" c3="126" c4="255"/>
      <Entry c1="0" c2="255" c3="129" c4="255"/>
      <Entry c1="0" c2="255" c3="131" c4="255"/>
      <Entry c1="0" c2="255" c3="134" c4="255"/>
      <Entry c1="0" c2="255" c3="136" c4="255"/>
      <Entry c1="0" c2="255" c3="139" c4="255"/>
      <Entry c1="0" c2="255" c3="142" c4="255"/>
      <Entry c1="0" c2="255" c3="144" c4="255"/>
      <Entry c1="0" c2="255" c3="147" c4="255"/>
      <Entry c1="0" c2="255" c3="149" c4="255"/>
      <Entry c1="0" c2="255" c3="152" c4="255"/>
      <Entry c1="0" c2="255" c3="154" c4="255"/>
      <Entry c1="0" c2="255" c3="157" c4="255"/>
      <Entry c1="0" c2="255" c3="159" c4="255"/>
      <Entry c1="0" c2="255" c3="162" c4="255"/>
      <Entry c1="0" c2="255" c3="164" c4="255"/>
      <Entry c1="0" c2="255" c3="167" c4="255"/>
      <Entry c1="0" c2="255" c3="170" c4="255"/>
      <Entry c1="0" c2="255" c3="172" c4="255"/>
      <Entry c1="0" c2="255" c3="175" c4="255"/>
      <Entry c1="0" c2="255" c3="177" c4="255"/>
      <Entry c1="0" c2="255" c3="180" c4="255"/>
      <Entry c1="0" c2="255" c3="182" c4="255"/>
      <Entry c1="0" c2="255" c3="185" c4="255"/>
      <Entry c1="0" c2="255" c3="187" c4="255"/>
      <Entry c1="0" c2="255" c3="190" c4="255"/>
      <Entry c1="0" c2="255" c3="192" c4="255"/>
      <Entry c1="0" c2="255" c3="195" c4="255"/>
      <Entry c1="0" c2="255" c3="197" c4="255"/>
      <Entry c1="0" c2="255" c3="200" c4="255"/>
      <Entry c1="0" c2="255" c3="203" c4="255"/>
      <Entry c1="0" c2="255" c3="205" c4="255"/>
      <Entry c1="0" c2="255" c3="208" c4="255"/>
      <Entry c1="0" c2="255" c3="210" c4="255"/>
      <Entry c1="0" c2="255" c3="213" c4="255"/>
      <Entry c1="0" c2="255" c3="215" c4="255"/>
      <Entry c1="0" c2="255" c3="218" c4="255"/>
      <Entry c1="0" c2="255" c3="220" c4="255"/>
      <Entry c1="0" c2="255" c3="223" c4="255"/>
      <Entry c1="0" c2="255" c3="225" c4="255"/>
      <Entry c1="0" c2="255" c3="228" c4="255"/>
      <Entry c1="0" c2="255" c3="231" c4="255"/>
      <Entry c1="0" c2="255" c3="233" c4="255"/>
      <Entry c1="0" c2="255" c3="236" c4="255"/>
      <Entry c1="0" c2="255" c3="238" c4="255"/>
      <Entry c1="0" c2="255" c3="241" c4="255"/>
      <Entry c1="0" c2="255" c3="243" c4="255"/>
      <Entry c1="0" c2="255" c3="246" c4="255"/>
      <Entry c1="0" c2="255" c3="248" c4="255"/>
      <Entry c1="0" c2="255" c3="251" c4="255"/>
      <Entry c1="0" c2="255" c3="253" c4="255"/>
      <Entry c1="0" c2="254" c3="255" c4="255"/>
      <Entry c1="0" c2="251" c3="255" c4="255"/>
      <Entry c1="0" c2="249" c3="255" c4="255"/>
      <Entry c1="0" c2="246" c3="255" c4="255"/>
      <Entry c1="0" c2="244" c3="255" c4="255"/>
      <Entry c1="0" c2="241" c3="255" c4="255"/>
      <Entry c1="0" c2="239" c3="255" c4="255"/>
      <Entry c1="0" c2="236" c3="255" c4="255"/>
      <Entry c1="0" c2="234" c3="255" c4="255"/>
      <Entry c1="0" c2="231" c3="255" c4="255"/>
      <Entry c1="0" c2="229" c3="255" c4="255"/>
      <Entry c1="0" c2="226" c3="255" c4="255"/>
      <Entry c1="0" c2="223" c3="255" c4="255"/>
      <Entry c1="0" c2="221" c3="255" c4="255"/>
      <Entry c1="0" c2="218" c3="255" c4="255"/>
      <Entry c1="0" c2="216" c3="255" c4="255"/>
      <Entry c1="0" c2="213" c3="255" c4="255"/>
      <Entry c1="0" c2="211" c3="255" c4="255"/>
      <Entry c1="0" c2="208" c3="255" c4="255"/>
      <Entry c1="0" c2="206" c3="255" c4="255"/>
      <Entry c1="0" c2="203" c3="255" c4="255"/>
      <Entry c1="0" c2="201" c3="255" c4="255"/>
      <Entry c1="0" c2="198" c3="255" c4="255"/>
      <Entry c1="0" c2="195" c3="255" c4="255"/>
      <Entry c1="0" c2="193" c3="255" c4="255"/>
      <Entry c1="0" c2="190" c3="255" c4="255"/>
      <Entry c1="0" c2="188" c3="255" c4="255"/>
      <Entry c1="0" c2="185" c3="255" c4="255"/>
      <Entry c1="0" c2="183" c3="255" c4="255"/>
      <Entry c1="0" c2="180" c3="255" c4="255"/>
      <Entry c1="0" c2="178" c3="255" c4="255"/>
      <Entry c1="0" c2="175" c3="255" c4="255"/>
      <Entry c1="0" c2="173" c3="255" c4="255"/>
      <Entry c1="0" c2="170" c3="255" c4="255"/>
      <Entry c1="0" c2="167" c3="255" c4="255"/>
      <Entry c1="0" c2="165" c3="255" c4="255"/>
      <Entry c1="0" c2="162" c3="255" c4="255"/>
      <Entry c1="0" c2="160" c3="255" c4="255"/>
      <Entry c1="0" c2="157" c3="255" c4="255"/>
      <Entry c1="0" c2="155" c3="255" c4="255"/>
      <Entry c1="0" c2="152" c3="255" c4="255"/>
      <Entry c1="0" c2="150" c3="255" c4="255"/>
      <Entry c1="0" c2="147" c3="255" c4="255"/>
      <Entry c1="0" c2="145" c3="255" c4="255"/>
      <Entry c1="0" c2="142" c3="255" c4="255"/>
      <Entry c1="0" c2="139" c3="255" c4="255"/>
      <Entry c1="0" c2="137" c3="255" c4="255"/>
      <Entry c1="0" c2="134" c3="255" c4="255"/>
      <Entry c1="0" c2="132" c3="255" c4="255"/>
      <Entry c1="0" c2="129" c3="255" c4="255"/>
      <Entry c1="0" c2="127" c3="255" c4="255"/>
      <Entry c1="0" c2="124" c3="255" c4="255"/>
      <Entry c1="0" c2="122" c3="255" c4="255"/>
      <Entry c1="0" c2="119" c3="255" c4="255"/>
      <Entry c1="0" c2="117" c3="255" c4="255"/>
      <Entry c1="0" c2="114" c3="255" c4="255"/>
      <Entry c1="0" c2="111" c3="255" c4="255"/>
      <Entry c1="0" c2="109" c3="255" c4="255"/>
      <Entry c1="0" c2="106" c3="255" c4="255"/>
      <Entry c1="0" c2="104" c3="255" c4="255"/>
      <Entry c1="0" c2="101" c3="255" c4="255"/>
      <Entry c1="0" c2="99" c3="255" c4="255"/>
      <Entry c1="0" c2="96" c3="255" c4="255"/>
      <Entry c1="0" c2="94" c3="255" c4="255"/>
      <Entry c1="0" c2="91" c3="255" c4="255"/>
      <Entry c1="0" c2="89" c3="255" c4="255"/>
      <Entry c1="0" c2="86" c3="255" c4="255"/>
      <Entry c1="0" c2="83" c3="255" c4="255"/>
      <Entry c1="0" c2="81" c3="255" c4="255"/>
      <Entry c1="0" c2="78" c3="255" c4="255"/>
      <Entry c1="0" c2="76" c3="255" c4="255"/>
      <Entry c1="0" c2="73" c3="255" c4="255"/>
      <Entry c1="0" c2="71" c3="255" c4="255"/>
      <Entry c1="0" c2="68" c3="255" c4="255"/>
      <Entry c1="0" c2="66" c3="255" c4="255"/>
      <Entry c1="0" c2="63" c3="255" c4="255"/>
      <Entry c1="0" c2="61" c3="255" c4="255"/>
      <Entry c1="0" c2="58" c3="255" c4="255"/>
      <Entry c1="0" c2="55" c3="255" c4="255"/>
      <Entry c1="0" c2="53" c3="255" c4="255"/>
      <Entry c1="0" c2="50" c3="255" c4="255"/>
      <Entry c1="0" c2="48" c3="255" c4="255"/>
      <Entry c1="0" c2="45" c3="255" c4="255"/>
      <Entry c1="0" c2="43" c3="255" c4="255"/>
      <Entry c1="0" c2="40" c3="255" c4="255"/>
      <Entry c1="0" c2="38" c3="255" c4="255"/>
      <Entry c1="0" c2="35" c3="255" c4="255"/>
      <Entry c1="0" c2="33" c3="255" c4="255"/>
      <Entry c1="0" c2="30" c3="255" c4="255"/>
      <Entry c1="0" c2="27" c3="255" c4="255"/>
      <Entry c1="0" c2="25" c3="255" c4="255"/>
      <Entry c1="0" c2="22" c3="255" c4="255"/>
      <Entry c1="0" c2="20" c3="255" c4="255"/>
      <Entry c1="0" c2="17" c3="255" c4="255"/>
      <Entry c1="0" c2="15" c3="255" c4="255"/>
      <Entry c1="0" c2="12" c3="255" c4="255"/>
      <Entry c1="0" c2="10" c3="255" c4="255"/>
      <Entry c1="0" c2="7" c3="255" c4="255"/>
      <Entry c1="0" c2="5" c3="255" c4="255"/>
      <Entry c1="0" c2="2" c3="255" c4="255"/>
      <Entry c1="1" c2="0" c3="255" c4="255"/>
      <Entry c1="3" c2="0" c3="255" c4="255"/>
      <Entry c1="6" c2="0" c3="255" c4="255"/>
      <Entry c1="8" c2="0" c3="255" c4="255"/>
      <Entry c1="11" c2="0" c3="255" c4="255"/>
      <Entry c1="13" c2="0" c3="255" c4="255"/>
      <Entry c1="16" c2="0" c3="255" c4="255"/>
      <Entry c1="18" c2="0" c3="255" c4="255"/>
      <Entry c1="21" c2="0" c3="255" c4="255"/>
      <Entry c1="23" c2="0" c3="255" c4="255"/>
      <Entry c1="26" c2="0" c3="255" c4="255"/>
      <Entry c1="29" c2="0" c3="255" c4="255"/>
      <Entry c1="31" c2="0" c3="255" c4="255"/>
      <Entry c1="34" c2="0" c3="255" c4="255"/>
      <Entry c1="36" c2="0" c3="255" c4="255"/>
      <Entry c1="39" c2="0" c3="255" c4="255"/>
      <Entry c1="41" c2="0" c3="255" c4="255"/>
      <Entry c1="44" c2="0" c3="255" c4="255"/>
      <Entry c1="46" c2="0" c3="255" c4="255"/>
      <Entry c1="49" c2="0" c3="255" c4="255"/>
      <Entry c1="51" c2="0" c3="255" c4="255"/>
      <Entry c1="54" c2="0" c3="255" c4="255"/>
      <Entry c1="57" c2="0" c3="255" c4="255"/>
      <Entry c1="59" c2="0" c3="255" c4="255"/>
      <Entry c1="62" c2="0" c3="255" c4="255"/>
      <Entry c1="64" c2="0" c3="255" c4="255"/>
      <Entry c1="67" c2="0" c3="255" c4="255"/>
      <Entry c1="69" c2="0" c3="255" c4="255"/>
      <Entry c1="72" c2="0" c3="255" c4="255"/>
      <Entry c1="74" c2="0" c3="255" c4="255"/>
      <Entry c1="77" c2="0" c3="255" c4="255"/>
      <Entry c1="79" c2="0" c3="255" c4="255"/>
      <Entry c1="82" c2="0" c3="255" c4="255"/>
      <Entry c1="84" c2="0" c3="255" c4="255"/>
      <Entry c1="87" c2="0" c3="255" c4="255"/>
      <Entry c1="90" c2="0" c3="255" c4="255"/>
      <Entry c1="92" c2="0" c3="255" c4="255"/>
      <Entry c1="95" c2="0" c3="255" c4="255"/>
      <Entry c1="97" c2="0" c3="255" c4="255"/>
      <Entry c1="100" c2="0" c3="255" c4="255"/>
      <Entry c1="102" c2="0" c3="255" c4="255"/>
      <Entry c1="105" c2="0" c3="255" c4="255"/>
      <Entry c1="107" c2="0" c3="255" c4="255"/>
      <Entry c1="110" c2="0" c3="255" c4="255"/>
      <Entry c1="112" c2="0" c3="255" c4="255"/>
      <Entry c1="115" c2="0" c3="255" c4="255"/>
      <Entry c1="118" c2="0" c3="255" c4="255"/>
      <Entry c1="120" c2="0" c3="255" c4="255"/>
      <Entry c1="123" c2="0" c3="255" c4="255"/>
      <Entry c1="125" c2="0" c3="255" c4="255"/>
      <Entry c1="128" c2="0" c3="255" c4="255"/>
      <Entry c1="130" c2="0" c3="255" c4="255"/>
      <Entry c1="133" c2="0" c3="255" c4="255"/>
      <Entry c1="135" c2="0" c3="255" c4="255"/>
      <Entry c1="138" c2="0" c3="255" c4="255"/>
      <Entry c1="140" c2="0" c3="255" c4="255"/>
      <Entry c1="143" c2="0" c3="255" c4="255"/>
      <Entry c1="146" c2="0" c3="255" c4="255"/>
      <Entry c1="148" c2="0" c3="255" c4="255"/>
      <Entry c1="151" c2="0" c3="255" c4="255"/>
      <Entry c1="153" c2="0" c3="255" c4="255"/>
      <Entry c1="156" c2="0" c3="255" c4="255"/>
      <Entry c1="158" c2="0" c3="255" c4="255"/>
      <Entry c1="161" c2="0" c3="255" c4="255"/>
      <Entry c1="163" c2="0" c3="255" c4="255"/>
      <Entry c1="166" c2="0" c3="255" c4="255"/>
      <Entry c1="168" c2="0" c3="255" c4="255"/>
      <Entry c1="171" c2="0" c3="255" c4="255"/>
      <Entry c1="174" c2="0" c3="255" c4="255"/>
      <Entry c1="176" c2="0" c3="255" c4="255"/>
      <Entry c1="179" c2="0" c3="255" c4="255"/>
      <Entry c1="181" c2="0" c3="255" c4="255"/>
      <Entry c1="184" c2="0" c3="255" c4="255"/>
      <Entry c1="186" c2="0" c3="255" c4="255"/>
      <Entry c1="189" c2="0" c3="255" c4="255"/>
      <Entry c1="191" c2="0" c3="255" c4="255"/>
      <Entry c1="194" c2="0" c3="255" c4="255"/>
      <Entry c1="196" c2="0" c3="255" c4="255"/>
      <Entry c1="199" c2="0" c3="255" c4="255"/>
      <Entry c1="202" c2="0" c3="255" c4="255"/>
      <Entry c1="204" c2="0" c3="255" c4="255"/>
      <Entry c1="207" c2="0" c3="255" c4="255"/>
      <Entry c1="209" c2="0" c3="255" c4="255"/>
      <Entry c1="212" c2="0" c3="255" c4="255"/>
      <Entry c1="214" c2="0" c3="255" c4="255"/>
      <Entry c1="217" c2="0" c3="255" c4="255"/>
      <Entry c1="219" c2="0" c3="255" c4="255"/>
      <Entry c1="222" c2="0" c3="255" c4="255"/>
      <Entry c1="224" c2="0" c3="255" c4="255"/>
      <Entry c1="227" c2="0" c3="255" c4="255"/>
      <Entry c1="230" c2="0" c3="255" c4="255"/>
      <Entry c1="232" c2="0" c3="255" c4="255"/>
      <Entry c1="235" c2="0" c3="255" c4="255"/>
      <Entry c1="237" c2="0" c3="255" c4="255"/>
      <Entry c1="240" c2="0" c3="255" c4="255"/>
      <Entry c1="242" c2="0" c3="255" c4="255"/>
      <Entry c1="245" c2="0" c3="255" c4="255"/>
      <Entry c1="247" c2="0" c3="255" c4="255"/>
      <Entry c1="250" c2="0" c3="255" c4="255"/>
      <Entry c1="252" c2="0" c3="255" c4="255"/>
      <Entry c1="255" c2="0" c3="255" c4="255"/>
      <Entry c1="255" c2="0" c3="252" c4="255"/>
      <Entry c1="255" c2="0" c3="250" c4="255"/>
      <Entry c1="255" c2="0" c3="247" c4="255"/>
      <Entry c1="255" c2="0" c3="245" c4="255"/>
      <Entry c1="255" c2="0" c3="242" c4="255"/>
      <Entry c1="255" c2="0" c3="240" c4="255"/>
      <Entry c1="255" c2="0" c3="237" c4="255"/>
      <Entry c1="255" c2="0" c3="235" c4="255"/>
      <Entry c1="255" c2="0" c3="232" c4="255"/>
      <Entry c1="255" c2="0" c3="230" c4="255"/>
      <Entry c1="255" c2="0" c3="227" c4="255"/>
      <Entry c1="255" c2="0" c3="224" c4="255"/>
      <Entry c1="255" c2="0" c3="222" c4="255"/>
      <Entry c1="255" c2="0" c3="219" c4="255"/>
      <Entry c1="255" c2="0" c3="217" c4="255"/>
      <Entry c1="255" c2="0" c3="214" c4="255"/>
      <Entry c1="255" c2="0" c3="212" c4="255"/>
      <Entry c1="255" c2="0" c3="209" c4="255"/>
      <Entry c1="255" c2="0" c3="207" c4="255"/>
      <Entry c1="255" c2="0" c3="204" c4="255"/>
      <Entry c1="255" c2="0" c3="202" c4="255"/>
      <Entry c1="255" c2="0" c3="199" c4="255"/>
      <Entry c1="255" c2="0" c3="196" c4="255"/>
      <Entry c1="255" c2="0" c3="194" c4="255"/>
      <Entry c1="255" c2="0" c3="191" c4="255"/>
      <Entry c1="255" c2="0" c3="189" c4="255"/>
      <Entry c1="255" c2="0" c3="186" c4="255"/>
      <Entry c1="255" c2="0" c3="184" c4="255"/>
      <Entry c1="255" c2="0" c3="181" c4="255"/>
      <Entry c1="255" c2="0" c3="179" c4="255"/>
      <Entry c1="255" c2="0" c3="176" c4="255"/>
      <Entry c1="255" c2="0" c3="174" c4="255"/>
      <Entry c1="255" c2="0" c3="171" c4="255"/>
      <Entry c1="255" c2="0" c3="168" c4="255"/>
      <Entry c1="255" c2="0" c3="166" c4="255"/>
      <Entry c1="255" c2="0" c3="163" c4="255"/>
      <Entry c1="255" c2="0" c3="161" c4="255"/>
      <Entry c1="255" c2="0" c3="158" c4="255"/>
      <Entry c1="255" c2="0" c3="156" c4="255"/>
      <Entry c1="255" c2="0" c3="153" c4="255"/>
      <Entry c1="255" c2="0" c3="151" c4="255"/>
      <Entry c1="255" c2="0" c3="148" c4="255"/>
      <Entry c1="255" c2="0" c3="146" c4="255"/>
      <Entry c1="255" c2="0" c3="143" c4="255"/>
      <Entry c1="255" c2="0" c3="140" c4="255"/>
      <Entry c1="255" c2="0" c3="138" c4="255"/>
      <Entry c1="255" c2="0" c3="135" c4="255"/>
      <Entry c1="255" c2="0" c3="133" c4="255"/>
      <Entry c1="255" c2="0" c3="130" c4="255"/>
      <Entry c1="255" c2="0" c3="128" c4="255"/>
      <Entry c1="255" c2="0" c3="125" c4="255"/>
      <Entry c1="255" c2="0" c3="123" c4="255"/>
      <Entry c1="255" c2="0" c3="120" c4="255"/>
      <Entry c1="255" c2="0" c3="118" c4="255"/>
      <Entry c1="255" c2="0" c3="115" c4="255"/>
      <Entry c1="255" c2="0" c3="112" c4="255"/>
      <Entry c1="255" c2="0" c3="110" c4="255"/>
      <Entry c1="255" c2="0" c3="107" c4="255"/>
      <Entry c1="255" c2="0" c3="105" c4="255"/>
      <Entry c1="255" c2="0" c3="102" c4="255"/>
      <Entry c1="255" c2="0" c3="100" c4="255"/>
      <Entry c1="255" c2="0" c3="97" c4="255"/>
      <Entry c1="255" c2="0" c3="95" c4="255"/>
      <Entry c1="255" c2="0" c3="92" c4="255"/>
      <Entry c1="255" c2="0" c3="90" c4="255"/>
      <Entry c1="255" c2="0" c3="87" c4="255"/>
      <Entry c1="255" c2="0" c3="84" c4="255"/>
      <Entry c1="255" c2="0" c3="82" c4="255"/>
      <Entry c1="255" c2="0" c3="79" c4="255"/>
      <Entry c1="255" c2="0" c3="77" c4="255"/>
      <Entry c1="255" c2="0" c3="74" c4="255"/>
      <Entry c1="255" c2="0" c3="72" c4="255"/>
      <Entry c1="255" c2="0" c3="69" c4="255"/>
      <Entry c1="255" c2="0" c3="67" c4="255"/>
      <Entry c1="255" c2="0" c3="64" c4="255"/>
      <Entry c1="255" c2="0" c3="62" c4="255"/>
      <Entry c1="255" c2="0" c3="59" c4="255"/>
      <Entry c1="255" c2="0" c3="56" c4="255"/>
      <Entry c1="255" c2="0" c3="54" c4="255"/>
      <Entry c1="255" c2="0" c3="51" c4="255"/>
      <Entry c1="255" c2="0" c3="49" c4="255"/>
      <Entry c1="255" c2="0" c3="46" c4="255"/>
      <Entry c1="255" c2="0" c3="44" c4="255"/>
      <Entry c1="255" c2="0" c3="41" c4="255"/>
      <Entry c1="255" c2="0" c3="39" c4="255"/>
      <Entry c1="255" c2="0" c3="36" c4="255"/>
      <Entry c1="255" c2="0" c3="34" c4="255"/>
      <Entry c1="255" c2="0" c3="31" c4="255"/>
      <Entry c1="255" c2="0" c3="28" c4="255"/>
      <Entry c1="255" c2="0" c3="26" c4="255"/>
      <Entry c1="255" c2="0" c3="23" c4="255"/>
      <Entry c1="255" c2="0" c3="21" c4="255"/>
      <Entry c1="255" c2="0" c3="18" c4="255"/>
      <Entry c1="255" c2="0" c3="16" c4="255"/>
      <Entry c1="255" c2="0" c3="13" c4="255"/>
      <Entry c1="255" c2="0" c3="11" c4="255"/>
      <Entry c1="255" c2="0" c3="8" c4="255"/>
      <Entry c1="255" c2="0" c3="6" c4="255"/>
      <Entry c1="255" c2="0" c3="3" c4="255"/>
      <Entry c1="255" c2="0" c3="1" c4="255"/>
      <Entry c1="0" c2="0" c3="0" c4="0"/>
    </ColorTable>
    <Metadata>
      <MDI key="COLOR_TABLE_RULES_COUNT">5</MDI>
      <MDI key="COLOR_TABLE_RULE_RGB_0">0.000000e+00 1.002000e+02 255 255 0 0 255 0</MDI>
      <MDI key="COLOR_TABLE_RULE_RGB_1">1.002000e+02 2.004000e+02 0 255 0 0 255 255</MDI>
      <MDI key="COLOR_TABLE_RULE_RGB_2">2.004000e+02 3.006000e+02 0 255 255 0 0 255</MDI>
      <MDI key="COLOR_TABLE_RULE_RGB_3">3.006000e+02 4.008000e+02 0 0 255 255 0 255</MDI>
      <MDI key="COLOR_TABLE_RULE_RGB_4">4.008000e+02 5.010000e+02 255 0 255 255 0 0</MDI>
    </Metadata>
  </PAMRasterBand>
</PAMDataset>
