<PAMDataset>
  <PAMRasterBand band="1">
    <ColorInterp>Palette</ColorInterp>
    <ColorTable>
      <Entry c1="255" c2="255" c3="0" c4="255"/>
      <Entry c1="250" c2="255" c3="0" c4="255"/>
      <Entry c1="244" c2="255" c3="0" c4="255"/>
      <Entry c1="238" c2="255" c3="0" c4="255"/>
      <Entry c1="232" c2="255" c3="0" c4="255"/>
      <Entry c1="226" c2="255" c3="0" c4="255"/>
      <Entry c1="220" c2="255" c3="0" c4="255"/>
      <Entry c1="214" c2="255" c3="0" c4="255"/>
      <Entry c1="208" c2="255" c3="0" c4="255"/>
      <Entry c1="202" c2="255" c3="0" c4="255"/>
      <Entry c1="196" c2="255" c3="0" c4="255"/>
      <Entry c1="191" c2="255" c3="0" c4="255"/>
      <Entry c1="185" c2="255" c3="0" c4="255"/>
      <Entry c1="179" c2="255" c3="0" c4="255"/>
      <Entry c1="173" c2="255" c3="0" c4="255"/>
      <Entry c1="167" c2="255" c3="0" c4="255"/>
      <Entry c1="161" c2="255" c3="0" c4="255"/>
      <Entry c1="155" c2="255" c3="0" c4="255"/>
      <Entry c1="149" c2="255" c3="0" c4="255"/>
      <Entry c1="143" c2="255" c3="0" c4="255"/>
      <Entry c1="137" c2="255" c3="0" c4="255"/>
      <Entry c1="132" c2="255" c3="0" c4="255"/>
      <Entry c1="126" c2="255" c3="0" c4="255"/>
      <Entry c1="120" c2="255" c3="0" c4="255"/>
      <Entry c1="114" c2="255" c3="0" c4="255"/>
      <Entry c1="108" c2="255" c3="0" c4="255"/>
      <Entry c1="102" c2="255" c3="0" c4="255"/>
      <Entry c1="96" c2="255" c3="0" c4="255"/>
      <Entry c1="90" c2="255" c3="0" c4="255"/>
      <Entry c1="84" c2="255" c3="0" c4="255"/>
      <Entry c1="78" c2="255" c3="0" c4="255"/>
      <Entry c1="73" c2="255" c3="0" c4="255"/>
      <Entry c1="67" c2="255" c3="0" c4="255"/>
      <Entry c1="61" c2="255" c3="0" c4="255"/>
      <Entry c1="55" c2="255" c3="0" c4="255"/>
      <Entry c1="49" c2="255" c3="0" c4="255"/>
      <Entry c1="43" c2="255" c3="0" c4="255"/>
      <Entry c1="37" c2="255" c3="0" c4="255"/>
      <Entry c1="31" c2="255" c3="0" c4="255"/>
      <Entry c1="25" c2="255" c3="0" c4="255"/>
      <Entry c1="19" c2="255" c3="0" c4="255"/>
      <Entry c1="13" c2="255" c3="0" c4="255"/>
      <Entry c1="8" c2="255" c3="0" c4="255"/>
      <Entry c1="2" c2="255" c3="0" c4="255"/>
      <Entry c1="0" c2="255" c3="4" c4="255"/>
      <Entry c1="0" c2="255" c3="10" c4="255"/>
      <Entry c1="0" c2="255" c3="16" c4="255"/>
      <Entry c1="0" c2="255" c3="22" c4="255"/>
      <Entry c1="0" c2="255" c3="28" c4="255"/>
      <Entry c1="0" c2="255" c3="34" c4="255"/>
      <Entry c1="0" c2="255" c3="40" c4="255"/>
      <Entry c1="0" c2="255" c3="46" c4="255"/>
      <Entry c1="0" c2="255" c3="51" c4="255"/>
      <Entry c1="0" c2="255" c3="57" c4="255"/>
      <Entry c1="0" c2="255" c3="63" c4="255"/>
      <Entry c1="0" c2="255" c3="69" c4="255"/>
      <Entry c1="0" c2="255" c3="75" c4="255"/>
      <Entry c1="0" c2="255" c3="81" c4="255"/>
      <Entry c1="0" c2="255" c3="87" c4="255"/>
      <Entry c1="0" c2="255" c3="93" c4="255"/>
      <Entry c1="0" c2="255" c3="99" c4="255"/>
      <Entry c1="0" c2="255" c3="105" c4="255"/>
      <Entry c1="0" c2="255" c3="110" c4="255"/>
      <Entry c1="0" c2="255" c3="116" c4="255"/>
      <Entry c1="0" c2="255" c3="122" c4="255"/>
      <Entry c1="0" c2="255" c3="128" c4="255"/>
      <Entry c1="0" c2="255" c3="134" c4="255"/>
      <Entry c1="0" c2="255" c3="140" c4="255"/>
      <Entry c1="0" c2="255" c3="146" c4="255"/>
      <Entry c1="0" c2="255" c3="152" c4="255"/>
      <Entry c1="0" c2="255" c3="158" c4="255"/>
      <Entry c1="0" c2="255" c3="164" c4="255"/>
      <Entry c1="0" c2="255" c3="169" c4="255"/>
      <Entry c1="0" c2="255" c3="175" c4="255"/>
      <Entry c1="0" c2="255" c3="181" c4="255"/>
      <Entry c1="0" c2="255" c3="187" c4="255"/>
      <Entry c1="0" c2="255" c3="193" c4="255"/>
      <Entry c1="0" c2="255" c3="199" c4="255"/>
      <Entry c1="0" c2="255" c3="205" c4="255"/>
      <Entry c1="0" c2="255" c3="211" c4="255"/>
      <Entry c1="0" c2="255" c3="217" c4="255"/>
      <Entry c1="0" c2="255" c3="223" c4="255"/>
      <Entry c1="0" c2="255" c3="229" c4="255"/>
      <Entry c1="0" c2="255" c3="234" c4="255"/>
      <Entry c1="0" c2="255" c3="240" c4="255"/>
      <Entry c1="0" c2="255" c3="246" c4="255"/>
      <Entry c1="0" c2="255" c3="252" c4="255"/>
      <Entry c1="0" c2="252" c3="255" c4="255"/>
      <Entry c1="0" c2="246" c3="255" c4="255"/>
      <Entry c1="0" c2="240" c3="255" c4="255"/>
      <Entry c1="0" c2="234" c3="255" c4="255"/>
      <Entry c1="0" c2="228" c3="255" c4="255"/>
      <Entry c1="0" c2="222" c3="255" c4="255"/>
      <Entry c1="0" c2="217" c3="255" c4="255"/>
      <Entry c1="0" c2="211" c3="255" c4="255"/>
      <Entry c1="0" c2="205" c3="255" c4="255"/>
      <Entry c1="0" c2="199" c3="255" c4="255"/>
      <Entry c1="0" c2="193" c3="255" c4="255"/>
      <Entry c1="0" c2="187" c3="255" c4="255"/>
      <Entry c1="0" c2="181" c3="255" c4="255"/>
      <Entry c1="0" c2="175" c3="255" c4="255"/>
      <Entry c1="0" c2="169" c3="255" c4="255"/>
      <Entry c1="0" c2="163" c3="255" c4="255"/>
      <Entry c1="0" c2="158" c3="255" c4="255"/>
      <Entry c1="0" c2="152" c3="255" c4="255"/>
      <Entry c1="0" c2="146" c3="255" c4="255"/>
      <Entry c1="0" c2="140" c3="255" c4="255"/>
      <Entry c1="0" c2="134" c3="255" c4="255"/>
      <Entry c1="0" c2="128" c3="255" c4="255"/>
      <Entry c1="0" c2="122" c3="255" c4="255"/>
      <Entry c1="0" c2="116" c3="255" c4="255"/>
      <Entry c1="0" c2="110" c3="255" c4="255"/>
      <Entry c1="0" c2="104" c3="255" c4="255"/>
      <Entry c1="0" c2="98" c3="255" c4="255"/>
      <Entry c1="0" c2="93" c3="255" c4="255"/>
      <Entry c1="0" c2="87" c3="255" c4="255"/>
      <Entry c1="0" c2="81" c3="255" c4="255"/>
      <Entry c1="0" c2="75" c3="255" c4="255"/>
      <Entry c1="0" c2="69" c3="255" c4="255"/>
      <Entry c1="0" c2="63" c3="255" c4="255"/>
      <Entry c1="0" c2="57" c3="255" c4="255"/>
      <Entry c1="0" c2="51" c3="255" c4="255"/>
      <Entry c1="0" c2="45" c3="255" c4="255"/>
      <Entry c1="0" c2="39" c3="255" c4="255"/>
      <Entry c1="0" c2="34" c3="255" c4="255"/>
      <Entry c1="0" c2="28" c3="255" c4="255"/>
      <Entry c1="0" c2="22" c3="255" c4="255"/>
      <Entry c1="0" c2="16" c3="255" c4="255"/>
      <Entry c1="0" c2="10" c3="255" c4="255"/>
      <Entry c1="0" c2="4" c3="255" c4="255"/>
      <Entry c1="2" c2="0" c3="255" c4="255"/>
      <Entry c1="8" c2="0" c3="255" c4="255"/>
      <Entry c1="14" c2="0" c3="255" c4="255"/>
      <Entry c1="20" c2="0" c3="255" c4="255"/>
      <Entry c1="25" c2="0" c3="255" c4="255"/>
      <Entry c1="31" c2="0" c3="255" c4="255"/>
      <Entry c1="37" c2="0" c3="255" c4="255"/>
      <Entry c1="43" c2="0" c3="255" c4="255"/>
      <Entry c1="49" c2="0" c3="255" c4="255"/>
      <Entry c1="55" c2="0" c3="255" c4="255"/>
      <Entry c1="61" c2="0" c3="255" c4="255"/>
      <Entry c1="67" c2="0" c3="255" c4="255"/>
      <Entry c1="73" c2="0" c3="255" c4="255"/>
      <Entry c1="79" c2="0" c3="255" c4="255"/>
      <Entry c1="85" c2="0" c3="255" c4="255"/>
      <Entry c1="90" c2="0" c3="255" c4="255"/>
      <Entry c1="96" c2="0" c3="255" c4="255"/>
      <Entry c1="102" c2="0" c3="255" c4="255"/>
      <Entry c1="108" c2="0" c3="255" c4="255"/>
      <Entry c1="114" c2="0" c3="255" c4="255"/>
      <Entry c1="120" c2="0" c3="255" c4="255"/>
      <Entry c1="126" c2="0" c3="255" c4="255"/>
      <Entry c1="132" c2="0" c3="255" c4="255"/>
      <Entry c1="138" c2="0" c3="255" c4="255"/>
      <Entry c1="144" c2="0" c3="255" c4="255"/>
      <Entry c1="149" c2="0" c3="255" c4="255"/>
      <Entry c1="155" c2="0" c3="255" c4="255"/>
      <Entry c1="161" c2="0" c3="255" c4="255"/>
      <Entry c1="167" c2="0" c3="255" c4="255"/>
      <Entry c1="173" c2="0" c3="255" c4="255"/>
      <Entry c1="179" c2="0" c3="255" c4="255"/>
      <Entry c1="185" c2="0" c3="255" c4="255"/>
      <Entry c1="191" c2="0" c3="255" c4="255"/>
      <Entry c1="197" c2="0" c3="255" c4="255"/>
      <Entry c1="203" c2="0" c3="255" c4="255"/>
      <Entry c1="208" c2="0" c3="255" c4="255"/>
      <Entry c1="214" c2="0" c3="255" c4="255"/>
      <Entry c1="220" c2="0" c3="255" c4="255"/>
      <Entry c1="226" c2="0" c3="255" c4="255"/>
      <Entry c1="232" c2="0" c3="255" c4="255"/>
      <Entry c1="238" c2="0" c3="255" c4="255"/>
      <Entry c1="244" c2="0" c3="255" c4="255"/>
      <Entry c1="250" c2="0" c3="255" c4="255"/>
      <Entry c1="255" c2="0" c3="254" c4="255"/>
      <Entry c1="255" c2="0" c3="248" c4="255"/>
      <Entry c1="255" c2="0" c3="243" c4="255"/>
      <Entry c1="255" c2="0" c3="237" c4="255"/>
      <Entry c1="255" c2="0" c3="231" c4="255"/>
      <Entry c1="255" c2="0" c3="225" c4="255"/>
      <Entry c1="255" c2="0" c3="219" c4="255"/>
      <Entry c1="255" c2="0" c3="213" c4="255"/>
      <Entry c1="255" c2="0" c3="207" c4="255"/>
      <Entry c1="255" c2="0" c3="201" c4="255"/>
      <Entry c1="255" c2="0" c3="195" c4="255"/>
      <Entry c1="255" c2="0" c3="189" c4="255"/>
      <Entry c1="255" c2="0" c3="183" c4="255"/>
      <Entry c1="255" c2="0" c3="178" c4="255"/>
      <Entry c1="255" c2="0" c3="172" c4="255"/>
      <Entry c1="255" c2="0" c3="166" c4="255"/>
      <Entry c1="255" c2="0" c3="160" c4="255"/>
      <Entry c1="255" c2="0" c3="154" c4="255"/>
      <Entry c1="255" c2="0" c3="148" c4="255"/>
      <Entry c1="255" c2="0" c3="142" c4="255"/>
      <Entry c1="255" c2="0" c3="136" c4="255"/>
      <Entry c1="255" c2="0" c3="130" c4="255"/>
      <Entry c1="255" c2="0" c3="124" c4="255"/>
      <Entry c1="255" c2="0" c3="119" c4="255"/>
      <Entry c1="255" c2="0" c3="113" c4="255"/>
      <Entry c1="255" c2="0" c3="107" c4="255"/>
      <Entry c1="255" c2="0" c3="101" c4="255"/>
      <Entry c1="255" c2="0" c3="95" c4="255"/>
      <Entry c1="255" c2="0" c3="89" c4="255"/>
      <Entry c1="255" c2="0" c3="83" c4="255"/>
      <Entry c1="255" c2="0" c3="77" c4="255"/>
      <Entry c1="255" c2="0" c3="71" c4="255"/>
      <Entry c1="255" c2="0" c3="65" c4="255"/>
      <Entry c1="255" c2="0" c3="60" c4="255"/>
      <Entry c1="255" c2="0" c3="54" c4="255"/>
      <Entry c1="255" c2="0" c3="48" c4="255"/>
      <Entry c1="255" c2="0" c3="42" c4="255"/>
      <Entry c1="255" c2="0" c3="36" c4="255"/>
      <Entry c1="255" c2="0" c3="30" c4="255"/>
      <Entry c1="255" c2="0" c3="24" c4="255"/>
      <Entry c1="255" c2="0" c3="18" c4="255"/>
      <Entry c1="255" c2="0" c3="12" c4="255"/>
      <Entry c1="255" c2="0" c3="6" c4="255"/>
      <Entry c1="0" c2="0" c3="0" c4="0"/>
    </ColorTable>
    <Metadata>
      <MDI key="COLOR_TABLE_RULES_COUNT">5</MDI>
      <MDI key="COLOR_TABLE_RULE_RGB_0">0.000000e+00 4.320000e+01 255 255 0 0 255 0</MDI>
      <MDI key="COLOR_TABLE_RULE_RGB_1">4.320000e+01 8.640000e+01 0 255 0 0 255 255</MDI>
      <MDI key="COLOR_TABLE_RULE_RGB_2">8.640000e+01 1.296000e+02 0 255 255 0 0 255</MDI>
      <MDI key="COLOR_TABLE_RULE_RGB_3">1.296000e+02 1.728000e+02 0 0 255 255 0 255</MDI>
      <MDI key="COLOR_TABLE_RULE_RGB_4">1.728000e+02 2.160000e+02 255 0 255 255 0 0</MDI>
    </Metadata>
  </PAMRasterBand>
</PAMDataset>
