Week,Lecture 1,Lab,Lecture 2,Readings
Aug. 24,Course introduction,"Lab 1: Data visualizations, math/stats prerequisites",Algorithms in statistics,"Bolker Ch 1-3, Bolker appendix 1"
Aug. 31,Working with functions,Lab 2: Working with functions,Bestiary of functions,"Bolker Ch. 3, Bolker appendix 2-4"
Sept. 7,No class (Labor Day),Lab 3: Working with probabilities,Probability,Bolker Ch. 4
Sept. 14,"Combinatorics, random variables, and expectation",*Final project proposals- getting into groups*,Probability distribution functions,Bolker Ch. 4
Sept. 21,Synthetic data simulation,Lab 4: Data-generating models and power analysis,Intro to likelihood,"Bolker Ch. 5, Bolker Ch. 6"
Sept. 28,Intro to maximum likelihood,Lab 5: Maximum likelihood estimation,Live coding: power analysis (Lab 4 review),Bolker Ch. 6 (6.1-6.3)
Oct. 5,Likelihood and parameter uncertainty,Lab 6: More likelihood!,Bayesian inference,Bolker Ch. 6 (6.1-6.5)
Oct. 12,Optimization,*Group meetings: final project proposals*,Optimization,"Bolker Ch. 7 (7.1-7.2, 7.4)"
Oct. 19,Markov Chain Monte Carlo (MCMC),Lab 7: Bayesian inference,Model selection,"Bolker Ch. 7.3, Bolker Ch. 6.6"
Oct. 26,Feature selection,Lab 8: Feature selection,Bayesian model selection,Bolker Ch. 6.6
Nov. 2,Modeling variance,Lab 9: Modeling variance,No class (veteran's day),Bolker Ch. 10
Nov. 9,Bayesian multilevel models,Lab 10: Bayesian multilevel models,Bayesian multilevel models,Bolker Ch. 10
Nov. 16,Nonlinear regression and GAMs,*Group meetings: final project results*,Nonlinear regression and GAMs,
Nov. 23,Spatial regression models,Lab 11: Spatial regression models,Spatial regression models,Bolker Ch. 11
Nov. 30,Dynamic models,Lab 12: Dynamic models,Dynamic models,Bolker Ch. 11
Dec. 7,Class wrap-up- where to go from here,*Student project presentations!*,No class (prep day),
Dec. 14,Project write-ups due by midnight Dec. 14,,,
