ID,Sex,JulianDay,Easting,Northing
209,F,91,606774.8303,5227353.486
334,M,91,610886.3467,5262914.514
362,F,91,655094.8054,5279342.312
374,M,91,652392.3289,5281385.004
375,F,91,650756.4006,5275545.139
376,F,91,604994.3077,5250519.487
377,F,91,642855.6623,5266222.223
378,F,91,634253.6554,5269864.373
380,F,91,616073.5153,5260356.921
381,F,91,608869.1725,5265787.106
382,M,91,610878.6064,5262925.485
384,F,91,609500.4287,5260295.876
385,F,91,607579.0521,5257125.256
386,F,91,604987.1,5250500.46
387,F,91,607209.7328,5246748.677
389,F,91,612180.4977,5239526.423
390,F,91,602534.3207,5246590.799
392,M,91,610141.5059,5221574.587
393,F,91,609645.3097,5217805.814
209,F,92,607223.1913,5227115.924
334,M,92,611753.7168,5263170.044
362,F,92,655088.0574,5279369.935
374,M,92,652412.4713,5281304.349
375,F,92,650572.3402,5275975.197
376,F,92,605287.4487,5250545.858
377,F,92,642934.8461,5266525.505
378,F,92,633220.2383,5270302.136
379,M,92,633825.9399,5269942.391
380,F,92,616043.8102,5260410.808
381,F,92,608124.6022,5265420.869
382,M,92,611771.4591,5263148.149
384,F,92,609788.8168,5260870.478
385,F,92,607520.8333,5257134.192
386,F,92,605288.0837,5250552.539
387,F,92,607892.2213,5245323.76
389,F,92,612544.6871,5240453.854
390,F,92,602937.3304,5246737.908
392,M,92,610325.7122,5222110.494
393,F,92,609535.5361,5217872.707
209,F,93,607354.672,5227094.964
334,M,93,612008.2917,5263367.245
362,F,93,654773.1886,5279341.535
374,M,93,651455.5072,5282137.88
375,F,93,650578.1156,5276508.026
376,F,93,604094.8217,5252422.209
378,F,93,633350.8632,5270249.524
379,M,93,633942.0204,5269933.935
380,F,93,615622.6519,5260901.655
381,F,93,607242.1295,5265712.554
382,M,93,611984.5259,5263389.024
384,F,93,610089.7942,5260892.807
385,F,93,607210.3873,5257082.925
386,F,93,604291.3554,5251977.696
387,F,93,606803.1577,5245638.497
389,F,93,612829.4761,5240704.987
390,F,93,602649.1783,5246241.522
392,M,93,610097.8323,5222455.313
393,F,93,609519.4796,5217837.95
209,F,94,607135.1175,5227334.433
334,M,94,612484.578,5263509.795
362,F,94,654822.0008,5279342.833
374,M,94,651877.0051,5282247.85
375,F,94,650774.0893,5276488.629
376,F,94,604483.7074,5251515.328
378,F,94,632973.1552,5270644.527
379,M,94,633775.3941,5269882.301
380,F,94,615452.5134,5261237.382
381,F,94,606843.6547,5265518.489
382,M,94,612539.9713,5263527.537
384,F,94,609794.0268,5260873.911
386,F,94,604249.6596,5251903.585
387,F,94,607189.1842,5245265.328
389,F,94,612824.462,5240690.439
390,F,94,601968.634,5245413.736
392,M,94,610040.6251,5222432.017
393,F,94,609976.4254,5217140.512
209,F,95,606770.6215,5227376.754
334,M,95,612305.7828,5262858.214
362,F,95,654440.2954,5279992.171
374,M,95,651277.67,5281496.027
375,F,95,650225.4867,5276480.015
377,F,95,642874.0209,5266426.164
379,M,95,633997.7412,5269899.633
380,F,95,615442.8534,5261230.521
381,F,95,606530.3919,5265398.264
382,M,95,612158.4339,5262961.002
384,F,95,609751.9147,5260949.83
385,F,95,606658.4808,5257331.878
386,F,95,604037.2666,5252348.93
387,F,95,608709.3504,5244236.017
389,F,95,612857.1968,5240678.838
390,F,95,602222.234,5245600.447
392,M,95,610084.4333,5222441.724
393,F,95,609540.1911,5217867.235
209,F,96,607273.3823,5227356.948
334,M,96,612293.2256,5262766.81
374,M,96,651926.135,5281891.041
375,F,96,650466.1817,5275427.543
376,F,96,604656.5076,5250965.906
377,F,96,642576.5648,5266395.547
378,F,96,633029.0503,5270139.884
379,M,96,634059.8506,5269816.554
380,F,96,615419.9369,5261284.545
381,F,96,606998.1254,5265552.442
382,M,96,612320.3759,5262765.108
384,F,96,609738.1993,5261078.532
385,F,96,606912.537,5257167.531
386,F,96,603785.6611,5252666.858
387,F,96,607866.8698,5245305.509
389,F,96,612606.8037,5240408.349
390,F,96,602068.2462,5245463.264
392,M,96,609903.488,5224712.802
393,F,96,609653.2669,5217785.951
209,F,97,608328.196,5226571.339
334,M,97,614253.3274,5262878.141
362,F,97,654744.1498,5279359.669
374,M,97,652690.1572,5281886.586
376,F,97,603980.2252,5252544.684
378,F,97,633705.1159,5269895.146
379,M,97,634156.4356,5269968.881
380,F,97,615474.7144,5261257.832
381,F,97,607087.9549,5265375.102
382,M,97,612723.1927,5263399.879
384,F,97,610149.9895,5260897.275
385,F,97,607244.4797,5256826.747
386,F,97,603913.1256,5252882.554
387,F,97,607427.3338,5245545.368
389,F,97,612167.7307,5239521.733
390,F,97,601961.4827,5245346.913
392,M,97,610551.2349,5224493.638
393,F,97,609667.9298,5217772.883
209,F,98,607945.4133,5225701.708
334,M,98,614170.9892,5263044.408
362,F,98,654449.7723,5280088.064
374,M,98,651856.4975,5281911.464
375,F,98,651415.5651,5274832.712
376,F,98,603768.8097,5252894.452
377,F,98,642996.2772,5266846.147
378,F,98,633517.0457,5269859.707
379,M,98,634053.8081,5269817.527
380,F,98,615195.6937,5261307.921
381,F,98,607390.1698,5265686.368
382,M,98,612184.408,5263491.8
384,F,98,610189.8687,5261060.337
385,F,98,607515.1776,5256661.617
386,F,98,603813.4869,5252885.237
387,F,98,606348.3733,5245764.768
389,F,98,612088.8208,5240131.664
390,F,98,601874.4707,5245267.59
393,F,98,609842.5382,5217566.013
209,F,99,606949.7337,5227109.862
334,M,99,614529.5387,5264313.262
362,F,99,654827.5945,5279358.552
374,M,99,650481.9892,5282345.028
376,F,99,603828.1518,5252866.598
377,F,99,643080.915,5266833.763
378,F,99,632783.4304,5270715.817
379,M,99,633517.9293,5269919.771
380,F,99,614616.9143,5261929.145
381,F,99,607518.5759,5265295.182
384,F,99,610527.5739,5260733.187
385,F,99,607074.6813,5257123.8
386,F,99,603848.5951,5252862.513
387,F,99,606099.0159,5245726.914
389,F,99,612281.7213,5240008.603
390,F,99,601884.4277,5245303.335
392,M,99,608641.2531,5225577.708
393,F,99,608976.1208,5217915.764
209,F,100,606799.4474,5227375.051
334,M,100,614418.9016,5263694.071
362,F,100,654565.5326,5279718.582
374,M,100,650862.5505,5282353.778
375,F,100,650595.9,5275470.928
376,F,100,603187.1979,5254090.351
377,F,100,643260.6457,5266812.592
378,F,100,633353.3983,5270665.436
379,M,100,633806.5246,5269903.029
380,F,100,614817.0952,5261825.229
381,F,100,607518.8356,5265567.557
382,M,100,612160.323,5262705.338
384,F,100,610806.717,5260715.118
385,F,100,607071.2292,5257312.725
386,F,100,603892.9968,5253124.541
387,F,100,606625.4505,5245398.487
389,F,100,611911.8025,5240653.019
390,F,100,601842.766,5245222.576
392,M,100,608086.8975,5226670.309
393,F,100,609408.5804,5217924.835
209,F,101,607121.9203,5227100.749
334,M,101,614819.3419,5263399.521
362,F,101,655934.0631,5281478.885
374,M,101,650578.7571,5282030.591
375,F,101,651203.6007,5275726.873
376,F,101,603342.5487,5253964.133
377,F,101,642949.6419,5266382.422
379,M,101,633920.8849,5269871.183
380,F,101,614502.3235,5262086.994
381,F,101,607638.7253,5265925.513
382,M,101,613087.9779,5262218.466
384,F,101,610661.906,5260961.405
385,F,101,606645.419,5257138.206
386,F,101,603367.6278,5253525.467
387,F,101,607109.508,5245201.623
389,F,101,612063.6081,5240741.505
390,F,101,601860.7181,5245232.891
392,M,101,608075.9196,5225528.451
393,F,101,609862.1868,5217529.693
209,F,102,611242.7594,5227030.066
334,M,102,614154.4371,5263892.353
362,F,102,656976.7015,5284179.401
374,M,102,651474.6483,5282123.922
375,F,102,650334.7186,5275480.865
376,F,102,603594.6599,5253185.966
377,F,102,642908.544,5266184.596
378,F,102,633055.7533,5270123.814
380,F,102,614527.1752,5262087.48
381,F,102,607303.6517,5266503
384,F,102,609796.998,5260876.19
385,F,102,607301.6488,5257163.526
386,F,102,603589.4785,5253180.316
387,F,102,608390.6418,5245088.354
389,F,102,611794.315,5240867.568
390,F,102,602744.4643,5246451.064
393,F,102,609572.3868,5217850.044
209,F,103,611817.9051,5228476.076
334,M,103,611955.5949,5264113.325
362,F,103,656685.4893,5284397.306
374,M,103,651746.7247,5281742.897
375,F,103,650302.7788,5276019.391
376,F,103,603905.0458,5252614.499
377,F,103,642987.5715,5266463.412
378,F,103,633864.1698,5269883.225
380,F,103,614555.8926,5262121.395
381,F,103,608577.3248,5266380.895
382,M,103,612566.935,5262478.571
384,F,103,609878.7034,5260898.846
385,F,103,607915.7598,5257305.984
386,F,103,603990.7518,5252589.337
387,F,103,608731.0301,5244616.613
389,F,103,613357.7314,5239696.808
390,F,103,602979.1102,5246724.189
392,M,103,609025.8215,5225275.742
393,F,103,609811.5082,5217602.123
209,F,104,611824.6796,5228478.428
334,M,104,612067.4308,5264172.166
362,F,104,656619.0398,5284355.477
376,F,104,604075.7366,5252349.612
377,F,104,642950.3858,5266413.576
378,F,104,634145.5767,5269917.483
379,M,104,634167.337,5269920.207
380,F,104,614101.1824,5262877.395
381,F,104,608991.3255,5265938.354
384,F,104,610056.1678,5260757.656
385,F,104,606780.9563,5258057.822
386,F,104,604019.5663,5252538.711
387,F,104,610215.7233,5244052.82
389,F,104,614736.7372,5239949.177
390,F,104,602985.9886,5246460.848
392,M,104,609376.7597,5224908.702
209,F,105,611807.8699,5228485.892
334,M,105,610879.5083,5263513.607
362,F,105,656724.9578,5284465.099
374,M,105,651226.0309,5282095.209
375,F,105,650755.2489,5276490.366
376,F,105,603989.6114,5252525.952
377,F,105,643195.2032,5266471.833
378,F,105,634080.645,5269730.302
379,M,105,633417.5368,5269867.439
380,F,105,614834.9865,5261950.097
381,F,105,608107.633,5265442.789
382,M,105,613105.631,5262591.242
384,F,105,610126.3264,5260953.527
385,F,105,606861.7392,5258381.687
386,F,105,604009.9517,5252485.181
387,F,105,610691.7808,5243129.045
389,F,105,615819.3446,5239617.944
390,F,105,602541.7626,5246164.056
392,M,105,609693.1922,5225096.868
393,F,105,609895.4097,5217211.267
209,F,106,611796.3199,5228495.678
334,M,106,612972.8552,5262406.35
362,F,106,656883.5105,5284321.463
374,M,106,650235.2282,5282331.974
375,F,106,650969.9854,5276559.315
376,F,106,603937.3599,5252877.425
377,F,106,643136.6298,5266403.679
378,F,106,634064.3498,5269850.014
379,M,106,633227.2442,5270258.931
380,F,106,615859.0072,5261675.667
381,F,106,606851.3891,5265754.312
384,F,106,609979.4251,5260871.833
385,F,106,606843.8273,5258743.773
386,F,106,604595.0818,5251914.177
387,F,106,609366.4672,5245835.684
389,F,106,614534.5973,5240622.277
390,F,106,602495.1157,5246630.134
392,M,106,608864.3638,5225110.47
393,F,106,609764.4004,5217645.716
209,F,107,611178.2174,5228246.128
334,M,107,613973.1965,5263221.766
362,F,107,656971.5993,5284145.899
374,M,107,649103.2327,5282982.307
375,F,107,652266.1573,5277017.87
376,F,107,606342.0475,5245696.842
378,F,107,632937.0971,5270014.368
379,M,107,633256.914,5270211.797
380,F,107,615852.009,5261686.646
381,F,107,606673.5351,5265393.093
382,M,107,614359.3236,5263659.553
384,F,107,609753.0966,5261087.705
385,F,107,607111.0006,5258436.266
386,F,107,604366.5509,5251950.129
387,F,107,608117.4371,5245565.795
389,F,107,612373.962,5240485.057
392,M,107,609675.8145,5224766.385
393,F,107,609582.4147,5217841.336
209,F,108,611166.8824,5228284.823
334,M,108,612633.9662,5263887.328
362,F,108,656684.648,5284372.816
374,M,108,651890.696,5281378.555
375,F,108,651818.3043,5276894.97
376,F,108,607279.3657,5245291.429
377,F,108,643330.5337,5266787.618
378,F,108,632748.8936,5270944.083
379,M,108,633035.217,5270562.549
380,F,108,616476.5109,5262561.774
381,F,108,606834.6029,5265519.435
384,F,108,607665.5928,5260783.234
385,F,108,606778.5619,5258354.601
386,F,108,607774.4034,5247670.58
387,F,108,606624.5524,5245656.378
389,F,108,612054.5729,5240143.241
392,M,108,610529.1936,5224496.561
393,F,108,609762.41,5217671.247
209,F,109,611180.2808,5228257.283
334,M,109,613805.8553,5263808.848
362,F,109,656621.0525,5284392.232
374,M,109,652059.7169,5281550.897
375,F,109,649510.9601,5276814.154
376,F,109,607939.1464,5245277.931
377,F,109,643145.3609,5266846.462
378,F,109,633726.0576,5269802.225
379,M,109,633218.8467,5270626.781
380,F,109,616933.2073,5262778.786
381,F,109,607449.1171,5266165.489
384,F,109,607700.2144,5260867.249
386,F,109,607020.6671,5245267.818
387,F,109,606052.1354,5245729.404
389,F,109,612149.4687,5239924.931
390,F,109,602801.4248,5246735.531
392,M,109,609761.7303,5225039.221
393,F,109,608373.2614,5218509.448
209,F,110,611173.0044,5228281.603
334,M,110,614341.9113,5262700.88
362,F,110,655128.5328,5283485.85
374,M,110,652562.1865,5281954.402
376,F,110,609452.3007,5245120.241
377,F,110,644309.6732,5267021.887
378,F,110,633149.4766,5270270.5
380,F,110,616903.8544,5263983.361
381,F,110,607739.7215,5265551.614
382,M,110,614348.6883,5262701.012
384,F,110,607509.4976,5261036.057
386,F,110,609479.6765,5245191.899
387,F,110,607520.1832,5245094.613
389,F,110,612670.4515,5240282.832
390,F,110,602905.1134,5246766.247
392,M,110,610722.5934,5224452.373
393,F,110,607137.4789,5218944.988
209,F,111,611095.4629,5230189.993
334,M,111,612046.6177,5262899.937
362,F,111,655075.5082,5283531.144
374,M,111,651799.5993,5281645.301
375,F,111,654089.4442,5274364.541
376,F,111,610033.6824,5244210.608
377,F,111,643226.839,5266471.496
378,F,111,633043.1879,5270146.878
379,M,111,632146.208,5267920.498
380,F,111,616187.0384,5263974.633
381,F,111,607619.4909,5265498.26
384,F,111,607682.7095,5260835.799
385,F,111,607807.7805,5256987.162
386,F,111,610254.2597,5244133.584
387,F,111,608836.2774,5244032.702
389,F,111,612023.2588,5240716.281
390,F,111,602589.7713,5246486.159
392,M,111,610684.0741,5224566.154
393,F,111,607522.1448,5218739.629
334,M,112,611591.7292,5263093.577
362,F,112,655043.3681,5283553.641
375,F,112,654133.9354,5274360.157
376,F,112,610254.5586,5243593.307
377,F,112,643112.7658,5266301.904
378,F,112,633629.0118,5269636.552
379,M,112,631167.7151,5266508.584
380,F,112,616993.1359,5262795.549
381,F,112,607303.899,5265792.62
382,M,112,611590.1173,5263099.105
384,F,112,607657.1846,5260789.75
385,F,112,607805.2358,5256961.546
386,F,112,610345.7173,5243447.161
387,F,112,608658.4551,5245436.805
389,F,112,611908.91,5240606.273
390,F,112,602969.2169,5246728.462
392,M,112,610365.9481,5227232.641
393,F,112,607528.6644,5218547.435
209,F,113,610742.896,5237029.069
334,M,113,610959.3357,5264307.787
362,F,113,654970.469,5283583.949
374,M,113,650757.2783,5281924.009
376,F,113,610573.4371,5243112.369
377,F,113,642925.1714,5266520.821
378,F,113,633057.1706,5269962.62
379,M,113,631478.5614,5266078.599
380,F,113,617974.4476,5261948.071
381,F,113,607098.8983,5265394.202
382,M,113,610954.6356,5264277.681
384,F,113,608761.5629,5261816.267
385,F,113,607749.9754,5256850.471
386,F,113,610572.786,5243106.798
387,F,113,610640.427,5243126.968
389,F,113,612500.427,5240039.456
390,F,113,602865.1908,5246803.345
392,M,113,612262.4912,5227686.318
393,F,113,607186.9892,5218556.814
209,F,114,610731.4059,5236875.441
362,F,114,654967.1318,5283568.29
375,F,114,654004.0148,5274238.841
377,F,114,643253.2252,5266900.257
378,F,114,632957.1717,5270157.149
379,M,114,630464.4287,5266477.272
380,F,114,616558.63,5261956.385
381,F,114,607109.0659,5265537.799
384,F,114,609139.5497,5261059.556
385,F,114,607813.0184,5256948.348
386,F,114,609983.2686,5244926.706
387,F,114,609338.1317,5245775.126
389,F,114,612621.1973,5240169.609
392,M,114,612371.171,5226991.362
362,F,115,654947.6998,5283621.154
374,M,115,651475.6285,5282518.738
375,F,115,653905.4474,5274211.772
377,F,115,642970.156,5266836.612
378,F,115,633178.5719,5270116.608
379,M,115,628821.8753,5267487.094
381,F,115,607682.2102,5265608.363
393,F,115,607177.6445,5218569.985
362,F,116,655336.0917,5282940.893
374,M,116,651903.1957,5283315.03
375,F,116,653743.8875,5274263.113
377,F,116,643242.9868,5266734.32
378,F,116,632903.3325,5270109.222
379,M,116,627988.2108,5267605.527
381,F,116,608145.6567,5264689.748
392,M,116,609030.9254,5225821.655
393,F,116,607491.4637,5218590.115
362,F,117,656392.3122,5284214.802
374,M,117,652978.613,5282713.785
375,F,117,653637.4003,5274565.018
377,F,117,643228.2524,5266751.751
379,M,117,628222.257,5267814.131
381,F,117,608368.3766,5264901.764
392,M,117,610784.0575,5224409.057
393,F,117,607510.9536,5218561.566
374,M,118,651813.1433,5281845.831
375,F,118,653990.3182,5275070.326
377,F,118,643140.0213,5266818.531
379,M,118,628372.3018,5268110.96
392,M,118,609915.8628,5224536.279
362,F,119,656356.927,5284218.299
374,M,119,648215.4292,5283518.968
375,F,119,654034.1943,5275003.647
378,F,119,633618.1499,5269880.923
379,M,119,628049.0803,5267919.294
381,F,119,607780.8894,5264502.914
392,M,119,608716.5745,5225191.127
393,F,119,607503.0448,5218579.208
362,F,120,656356.2365,5284216.056
375,F,120,654033.5603,5274999.182
377,F,120,643008.227,5266880.911
378,F,120,633939.7651,5269737.075
379,M,120,625684.2872,5270320.66
381,F,120,607627.9036,5264632.39
392,M,120,608136.5883,5225443.962
393,F,120,607103.6818,5218505.286
362,F,121,656430.2081,5284090.151
374,M,121,648928.7854,5283665.091
375,F,121,653790.2892,5274870.427
377,F,121,643000.0307,5266969.669
378,F,121,633547.0905,5269829.261
379,M,121,626368.1728,5270531.115
393,F,121,607983.8865,5218345.607
362,F,122,656441.8159,5284356.264
374,M,122,647864.7607,5284168.374
377,F,122,642927.3874,5266768.847
378,F,122,633224.9716,5270226.634
379,M,122,625283.0387,5271207.069
374,M,123,648583.329,5284254.539
392,M,123,610376.1572,5222252.613
393,F,123,607950.3219,5218271.629
374,M,124,651458.8306,5281664.219
378,F,124,633187.123,5270203.532
379,M,124,622784.668,5272033.413
392,M,124,610113.6642,5221358.41
393,F,124,607271.7471,5218653.946
374,M,125,652102.9564,5281936.811
377,F,125,642951.7007,5266421.392
378,F,125,633197.5925,5270239.352
379,M,125,622420.9639,5271945.717
392,M,125,609692.0882,5220405.694
374,M,126,652618.4415,5282214.996
378,F,126,633989.928,5269813.836
392,M,126,608901.1468,5220510.057
393,F,126,609269.6088,5217928.944
374,M,127,651988.5295,5282032.795
377,F,127,642949.1068,5266373.513
378,F,127,633989.877,5269816.059
379,M,127,622666.5507,5271927.528
392,M,127,609357.9323,5220465.108
393,F,127,609665.819,5217722.82
374,M,128,651724.7664,5282382.887
377,F,128,642935.417,5266502.168
378,F,128,633989.0228,5269820.487
379,M,128,622313.2169,5271667.723
392,M,128,610204.7226,5218580.988
393,F,128,607513.9277,5218564.954
374,M,129,651996.1473,5281511.424
377,F,129,643006.7027,5266297.084
378,F,129,633980.928,5269812.518
379,M,129,622312.3486,5271673.264
381,F,129,608113.1555,5264859.24
392,M,129,609869.7758,5218144.57
393,F,129,609726.89,5217703.939
374,M,130,652741.9707,5282115.927
375,F,130,653460.8338,5274758.319
377,F,130,642935.9249,5266512.188
378,F,130,633152.5695,5270233.877
392,M,130,609999.0056,5218992.924
393,F,130,609457.7137,5217894.616
377,F,131,643064.9789,5266469.755
378,F,131,633227.3964,5270252.264
379,M,131,622827.6239,5272136.606
392,M,131,607068.5758,5218600.252
393,F,131,607849.6788,5218255.347
374,M,132,652908.0185,5281685.461
377,F,132,642983.663,5266407.718
378,F,132,633186.8186,5270216.868
379,M,132,623257.9576,5271739.865
392,M,132,609492.1844,5218124.249
393,F,132,609480.1683,5217870.574
374,M,133,651279.4007,5281545.004
378,F,133,633183.8611,5270214.577
393,F,133,609671.2934,5217755.159
374,M,134,652650.2868,5282203.599
377,F,134,642929.456,5266284.074
378,F,134,634066.5194,5269755.551
379,M,134,623078.2083,5273627.299
392,M,134,609953.7315,5218569.66
393,F,134,609688.7874,5217712.128
374,M,135,650764.6086,5281873.044
379,M,135,623210.351,5273885.813
392,M,135,607437.3984,5218600.251
393,F,135,609520.9969,5217879.109
374,M,136,650303.6977,5282298.158
375,F,136,652140.4954,5277022.37
377,F,136,643050.6798,5266469.405
378,F,136,633989.2779,5269809.374
379,M,136,626034.6081,5273537.028
392,M,136,607102.2246,5221064.222
393,F,136,609692.3758,5217723.311
374,M,137,650856.5803,5281657.461
375,F,137,652348.5635,5277201.295
377,F,137,643128.3598,5266894.972
378,F,137,633153.3302,5270200.537
379,M,137,627461.4118,5273248.941
392,M,137,607428.8778,5222042.811
393,F,137,609057.6529,5217898.364
374,M,138,650357.0552,5282384.055
375,F,138,652333.0476,5277018.507
377,F,138,642939.8853,5266381.071
378,F,138,631985.4748,5271399.322
379,M,138,629162.628,5273244.128
392,M,138,607071.7618,5221154.825
393,F,138,607502.5012,5221412.739
375,F,139,652031.3182,5276884.958
378,F,139,630568.4414,5271587.59
379,M,139,629910.7847,5273790.008
392,M,139,607510.8905,5221368.426
393,F,139,607624.2496,5218465.797
374,M,140,647852.682,5284082.438
375,F,140,652047.0948,5276885.37
378,F,140,630763.4069,5270877.012
379,M,140,630185.8716,5274267.586
392,M,140,608510.2718,5220436.191
393,F,140,609663.3784,5217731.668
375,F,141,652335.3214,5277075.283
378,F,141,630754.6418,5270932.41
379,M,141,629918.2922,5273756.819
392,M,141,609672.3001,5220901.121
393,F,141,609779.0227,5217634.871
375,F,142,652227.9937,5277183.685
377,F,142,643104.6326,5266265.01
378,F,142,630518.6244,5271494.189
379,M,142,630014.6299,5273887.945
392,M,142,609819.3535,5222749.178
393,F,142,608247.5672,5218493.814
375,F,143,652309.7298,5277019.009
377,F,143,642979.2106,5266374.25
378,F,143,630612.3801,5271607.476
379,M,143,629712.1185,5273559.871
392,M,143,609168.1424,5225368.409
393,F,143,609051.5422,5217900.475
375,F,144,652033.3109,5276895.018
377,F,144,643048.286,5266474.906
378,F,144,629550.699,5268635.101
379,M,144,630573.4329,5274018.296
392,M,144,609728.4714,5225197.57
393,F,144,610292.2648,5220157.817
374,M,145,651427.8005,5281557.762
375,F,145,651991.7537,5276960.659
377,F,145,643066.353,5266905.685
378,F,145,628520.9922,5268707.967
379,M,145,630286.2871,5274316.529
393,F,145,609727.8321,5217735.083
374,M,146,651793.362,5281654.035
375,F,146,652227.1925,5277128.06
377,F,146,643260.1257,5267079.455
378,F,146,628381.274,5268490.303
379,M,146,630227.9897,5274300.772
392,M,146,608909.4282,5227110.043
393,F,146,609879.1914,5217472.202
374,M,147,651727.1598,5281657.868
375,F,147,652289.7614,5277035.168
377,F,147,643142.1057,5266856.39
378,F,147,628940.2867,5268738.337
379,M,147,630390.3922,5273696.198
392,M,147,608895.2749,5225243.324
393,F,147,609724.8809,5217689.451
374,M,148,649471.2883,5278681.395
375,F,148,652033.8591,5276902.817
378,F,148,628573.8652,5268596.832
379,M,148,629620.3531,5273831.354
392,M,148,610157.6419,5224825.356
393,F,148,609546.4047,5217859.568
374,M,149,649513.9462,5276932.109
375,F,149,652444.2761,5278053.433
377,F,149,642583.616,5266353.464
378,F,149,628655.0686,5268566.377
392,M,149,609525.8019,5225293.866
393,F,149,607890.2129,5218238.298
375,F,150,652331.487,5277020.69
377,F,150,643287.1828,5267020.072
378,F,150,628159.0576,5267812.744
379,M,150,630299.054,5273610.764
392,M,150,610258.4504,5227267.321
393,F,150,607996.6424,5218436.993
375,F,151,652029.6706,5276890.475
377,F,151,644336.8025,5267051.469
378,F,151,628876.6801,5268653.542
379,M,151,630019.9414,5273784.658
392,M,151,610833.4558,5227114.652
393,F,151,607997.5731,5218385.875
334,M,152,614157.2967,5263900.191
376,F,152,610296.6536,5243444.018
377,F,152,644359.3942,5267020.891
378,F,152,630869.3047,5268334.276
379,M,152,633188.9011,5273255.765
380,F,152,616466.6109,5262567.136
382,M,152,613047.3013,5262491.169
384,F,152,609039.6794,5261122.174
387,F,152,603704.5145,5252861.077
389,F,152,613381.0185,5239940.72
390,F,152,602588.8631,5242725.452
392,M,152,611162.0388,5227050.782
392,M,152,611162.0388,5227050.782
393,F,152,609877.7356,5217468.84
209,F,153,604346.412,5240870.986
334,M,153,613146.677,5264479.782
376,F,153,610506.4688,5243297.876
377,F,153,644384.6557,5266973.7
378,F,153,630817.6549,5268388.713
379,M,153,633383.9179,5273245.768
380,F,153,616349.9587,5262561.48
381,F,153,607667.1372,5263973.867
382,M,153,613294.0789,5261261.906
384,F,153,609551.3881,5260914.945
385,F,153,606898.9263,5257128.373
386,F,153,610546.0377,5242599.365
387,F,153,604684.5244,5251003.091
389,F,153,613251.397,5239878.195
390,F,153,604552.3214,5240855.74
392,M,153,610594.7802,5227193.56
393,F,153,609491.5289,5217913.026
209,F,154,605456.3208,5238839.754
334,M,154,611149.3897,5263896.72
376,F,154,610370.9865,5243469.869
377,F,154,642860.8736,5266440.298
378,F,154,630631.9541,5268480.178
379,M,154,632097.427,5274128.242
380,F,154,616479.7677,5262625.21
381,F,154,608175.2812,5263617.491
382,M,154,612157.5042,5259195.535
384,F,154,608747.3572,5261810.445
385,F,154,606647.3053,5257075.986
386,F,154,610370.9448,5243472.091
387,F,154,607639.8702,5247800.404
389,F,154,612836.7576,5240719.579
390,F,154,604439.3006,5240791.482
393,F,154,609159.2445,5217945.81
209,F,155,605366.0074,5238645.824
334,M,155,610831.8365,5262611.09
374,M,155,649691.2013,5276704.241
376,F,155,609607.7164,5244118.169
377,F,155,643012.2251,5266348.37
378,F,155,630335.167,5268962.774
380,F,155,616475.6037,5262607.339
381,F,155,608023.5574,5263676.942
384,F,155,608600.3898,5262097.873
385,F,155,606899.7002,5257127.276
386,F,155,609628.8571,5244078.542
387,F,155,605967.8975,5246421.566
389,F,155,612708.0935,5240568.148
392,M,155,609528.977,5225286.143
393,F,155,607759.0632,5218313.728
209,F,156,605404.6932,5238977.787
334,M,156,611350.5278,5263221.276
374,M,156,648820.9852,5280336.153
376,F,156,609494.1174,5243969.312
377,F,156,643058.4877,5266242.752
378,F,156,630437.2939,5269074.019
380,F,156,616429.8465,5262597.534
381,F,156,607756.5798,5263983.296
384,F,156,608028.807,5263678.151
386,F,156,609638.6555,5244160.99
387,F,156,606023.766,5246339.198
389,F,156,611834.6207,5240457.006
390,F,156,604663.7689,5240923.306
393,F,156,608176.0301,5218504.736
209,F,157,605687.9685,5238911.715
334,M,157,612903.0086,5262278.263
374,M,157,647996.1555,5281867.538
376,F,157,609559.909,5243844.916
377,F,157,643159.5926,5266204.085
378,F,157,630625.398,5269210.539
380,F,157,616486.2787,5262600.881
381,F,157,608146.8571,5263606.96
384,F,157,609197.3702,5265829.916
385,F,157,604942.7421,5256858.45
386,F,157,609552.3755,5243843.664
387,F,157,607018.5834,5245257.775
389,F,157,612105.0089,5240751.187
390,F,157,604410.3833,5240802.086
392,M,157,610146.826,5224713.989
393,F,157,609660.4244,5217768.297
209,F,158,605870.3982,5235152.053
334,M,158,613327.9722,5261340.384
376,F,158,610264.4658,5243467.872
377,F,158,644045.4056,5264117.526
378,F,158,628976.1425,5268682.423
380,F,158,616331.4203,5262546.658
384,F,158,608255.8097,5263457.783
385,F,158,604969.9454,5257023.466
386,F,158,610294.4553,5243480.663
387,F,158,609632.2099,5245439.312
389,F,158,612397.7437,5240744.537
390,F,158,604717.8788,5240856.458
393,F,158,609882.2678,5217470.036
209,F,159,605816.1238,5235351.176
334,M,159,614701.1585,5260628.933
374,M,159,648503.0544,5281047.53
375,F,159,653494.623,5274674.69
376,F,159,610703.1429,5242444.457
377,F,159,645692.939,5264089.399
378,F,159,628676.2127,5268529.039
380,F,159,616439.1491,5262622.178
381,F,159,608060.3861,5263680.958
384,F,159,610241.9372,5261656.089
385,F,159,605190.7617,5256650.565
386,F,159,610704.9048,5242431.15
387,F,159,610651.369,5242504.627
389,F,159,613396.9289,5240017.733
390,F,159,604440.155,5240785.939
393,F,159,609861.2248,5217499.66
209,F,160,605137.6287,5234187.387
334,M,160,613873.6849,5261290.943
374,M,160,647997.7133,5281865.354
376,F,160,610583.6933,5243049.195
377,F,160,645689.739,5264127.127
378,F,160,629173.2012,5268722.359
380,F,160,616494.3627,5262611.048
381,F,160,608040.9349,5263673.928
384,F,160,607360.9768,5261656.997
385,F,160,604608.5603,5256783.551
386,F,160,610575.6789,5243073.502
387,F,160,610487.9346,5243077.413
389,F,160,613259.1189,5239830.54
390,F,160,604628.9381,5240883.78
393,F,160,609646.8888,5217802.508
209,F,161,607305.6323,5227082.958
374,M,161,647986.8088,5281880.645
376,F,161,609750.6757,5243502.736
377,F,161,646240.6561,5267038.767
378,F,161,629039.9739,5268552.632
380,F,161,616481.5614,5262610.793
381,F,161,607601.6082,5263892.617
384,F,161,608586.2983,5262126.516
385,F,161,604606.9933,5256786.859
386,F,161,609932.5006,5243559.49
387,F,161,609752.1037,5243507.209
389,F,161,613303.1049,5239784.694
390,F,161,604399.0661,5240800.774
392,M,161,608573.8332,5225575.36
393,F,161,609259.0085,5217968.767
209,F,162,609858.739,5222711
334,M,162,612036.8307,5263332.216
374,M,162,649273.8569,5280576.84
376,F,162,609043.7554,5245558.44
377,F,162,646157.3006,5267150.106
378,F,162,628929.9845,5268693.634
381,F,162,607563.0057,5263944.158
384,F,162,608505.2766,5262108.337
385,F,162,604874.6873,5256869.46
386,F,162,609282.211,5245572.871
387,F,162,609106.1792,5245736.356
389,F,162,611866.9248,5240547.667
390,F,162,604651.5075,5240847.496
392,M,162,608656.4631,5225203.363
393,F,162,607820.081,5218297.051
209,F,163,609954.1541,5222596.047
334,M,163,611131.1402,5263747.401
374,M,163,649324.3052,5280309.016
376,F,163,609277.8203,5245199.262
377,F,163,646160.7731,5266138.266
378,F,163,631080.3195,5268691.477
380,F,163,616470.1777,5262615.013
381,F,163,607466.6322,5264106.919
384,F,163,608615.9875,5262069.258
385,F,163,604593.0292,5256766.599
386,F,163,609320.7001,5245412.391
389,F,163,611857.7319,5240514.141
390,F,163,604419.118,5240821.139
393,F,163,607320.7583,5221102.636
209,F,164,609863.2509,5222672.176
374,M,164,649211.4386,5280872.16
376,F,164,607748.4644,5245335.577
377,F,164,646500.3761,5265959.952
378,F,164,630858.3206,5268656.476
380,F,164,616497.5513,5262564.417
381,F,164,607397.5132,5263811.046
384,F,164,608646.3475,5262097.614
385,F,164,604598.0673,5256737.785
386,F,164,607704.3291,5245229.159
387,F,164,607583.4454,5244899.003
389,F,164,612773.9918,5240680.579
390,F,164,604662.3956,5240915.5
393,F,164,609506.6833,5217873.286
209,F,165,610051.1924,5222475.568
334,M,165,611963.0922,5263249.647
376,F,165,606975.6053,5245419.297
377,F,165,646182.4029,5266116.567
378,F,165,630853.6162,5268396.19
380,F,165,616385.7279,5262581.091
384,F,165,608566.8523,5262078.351
385,F,165,604997.2158,5256763.821
386,F,165,606874.4073,5245209.575
387,F,165,607030.4322,5245436.97
389,F,165,612971.5598,5240747.732
390,F,165,605060.4374,5240979.281
393,F,165,609711.0587,5217698.089
334,M,166,614162.4247,5263058.694
374,M,166,653099.3829,5282491.208
376,F,166,606038.9518,5245915.926
377,F,166,646293.9294,5266053.749
378,F,166,630912.8441,5268373.056
380,F,166,615482.6124,5261315.799
381,F,166,608101.3488,5263665.039
384,F,166,610025.7014,5260694.827
385,F,166,604931.3565,5256862.693
386,F,166,606032.787,5246341.584
387,F,166,606037.2211,5245928.123
389,F,166,612704.4014,5240642.561
390,F,166,605887.8308,5238774.122
393,F,166,609623.4496,5217797.628
209,F,167,609987.4454,5222477.719
334,M,167,613986.4549,5263005.233
374,M,167,650890.2477,5281778.439
376,F,167,605884.2223,5246580.139
377,F,167,646115.0061,5266191.61
378,F,167,630344.6223,5269078.621
380,F,167,614681.5753,5262012.682
381,F,167,607782.0119,5263992.659
384,F,167,609565.7201,5260914.101
385,F,167,606196.1212,5257675.886
386,F,167,605974.3284,5246609.554
387,F,167,605988.2399,5246592.018
389,F,167,612011.921,5240199.126
390,F,167,605540.5013,5238742.324
393,F,167,607952.9515,5218210.537
209,F,168,609949.4815,5222602.631
334,M,168,613025.8898,5262390.698
374,M,168,650728.7196,5281808.725
376,F,168,606483.0298,5245503.739
377,F,168,646524.6569,5266012.825
378,F,168,630810.7038,5271418.451
380,F,168,615450.158,5261853.25
381,F,168,607673.1101,5264058.467
384,F,168,610016.2485,5260836.95
385,F,168,606086.1987,5257792.846
386,F,168,606482.465,5245451.48
387,F,168,606167.1913,5245423.548
389,F,168,612148.8467,5240315.124
390,F,168,606088.3019,5239023.403
393,F,168,609062.0828,5217905.116
209,F,169,609942.3283,5222620.284
334,M,169,614046.9023,5262570.605
374,M,169,647097.2624,5283908.692
375,F,169,653451.3471,5274775.862
376,F,169,608749.4257,5244234.534
377,F,169,645719.9047,5265274.351
378,F,169,630759.9546,5271098.201
380,F,169,615351.7548,5261800.169
381,F,169,608332.1722,5263767.142
384,F,169,609682.4208,5261079.71
385,F,169,606106.0029,5257823.22
386,F,169,608727.3398,5244202.999
387,F,169,607914.5925,5245339.734
389,F,169,612580.5994,5240315.577
390,F,169,606020.9336,5238816.534
393,F,169,609461.1588,5217913.577
209,F,170,609992.4632,5222656.788
334,M,170,614256.5134,5264180.068
374,M,170,645712.7444,5283279.983
375,F,170,652214.8292,5277313.454
376,F,170,606781.9693,5245432.453
377,F,170,646453.4634,5266088.881
378,F,170,630584.3387,5271482.316
380,F,170,615490.1533,5261811.793
381,F,170,608530.5945,5264194.385
384,F,170,609741.6289,5261056.362
385,F,170,605082.5291,5258733.031
386,F,170,606710.628,5245408.925
387,F,170,606038.3267,5246369.475
389,F,170,612661.2809,5240169.264
390,F,170,605971.9969,5238972.397
393,F,170,609577.4729,5217821.235
209,F,171,609830.6471,5222712.703
334,M,171,613964.1874,5263684.08
374,M,171,645414.7583,5284145.468
376,F,171,609529.2535,5245207.274
377,F,171,646264.1329,5266100.82
378,F,171,630621.737,5271659.944
380,F,171,615386.1653,5261850.876
381,F,171,608548.8785,5264142.474
384,F,171,609596.7478,5260906.9
385,F,171,604118.1773,5257606.353
386,F,171,606970.6987,5245149.071
387,F,171,604213.8699,5252304.262
389,F,171,612685.5859,5240479.893
390,F,171,605951.0139,5238877.53
393,F,171,609519.623,5217871.302
209,F,172,609922.2456,5222639.921
334,M,172,611185.0201,5263488.279
374,M,172,645686.2583,5283737.479
375,F,172,652318.6285,5277023.69
376,F,172,610571.4485,5243379.138
377,F,172,646121.6455,5266257.384
378,F,172,630814.6138,5271613.119
380,F,172,616490.597,5262573.173
381,F,172,608482.7051,5264421.399
384,F,172,609151.0905,5261369.94
385,F,172,604560.0254,5257179.555
386,F,172,606497.2365,5245428.403
389,F,172,612938.9065,5240991.68
390,F,172,605983.0376,5238989.271
393,F,172,609655.1541,5217765.977
209,F,173,608841.2361,5225502.456
334,M,173,610713.1824,5264581.054
375,F,173,652700.9,5277926.707
376,F,173,610372.289,5243481.01
377,F,173,646325.5473,5266204.662
378,F,173,630900.023,5270924.551
380,F,173,616534.6275,5262669.662
381,F,173,608472.2268,5264174.403
384,F,173,608997.6491,5261760.628
385,F,173,604835.5224,5257120
386,F,173,606040.7723,5246359.514
387,F,173,603796.729,5252851.591
389,F,173,612999.2054,5240764.938
390,F,173,605674.9974,5238875.909
393,F,173,609511.4819,5217860.035
209,F,174,607318.3294,5227093.193
334,M,174,610931.6638,5264615.212
374,M,174,647644.2688,5283981.502
375,F,174,652667.5587,5277936.954
376,F,174,608703.2048,5244241.462
377,F,174,646470.5229,5266069.293
378,F,174,630885.9514,5270847.515
380,F,174,616457.2649,5262582.515
381,F,174,608202.7068,5263844.788
384,F,174,608932.12,5262124.05
385,F,174,604898.4707,5256846.541
386,F,174,604337.226,5252368.707
387,F,174,604006.7757,5252919.787
389,F,174,613060.5027,5240722.758
390,F,174,606056.849,5239216.265
393,F,174,609709.1713,5217718.063
209,F,175,607258.8685,5227363.355
334,M,175,611125.4528,5263967.416
374,M,175,647402.8422,5284086.579
375,F,175,652541.6187,5277981.472
376,F,175,607013.3575,5245254.345
377,F,175,646236.4447,5265973.358
378,F,175,630859.3749,5271395.08
380,F,175,616425.2621,5262600.778
381,F,175,608023.6806,5263670.274
384,F,175,609458.1713,5261547.992
385,F,175,605934.1871,5257277.607
386,F,175,604182.7409,5252272.582
387,F,175,604187.326,5252269.329
389,F,175,612966.5248,5240734.295
390,F,175,606089.238,5239013.415
393,F,175,609447.6655,5217904.435
209,F,176,607362.438,5227042.858
334,M,176,612520.6718,5264452.136
374,M,176,648098.2759,5284403.405
376,F,176,606541.4715,5245446.99
377,F,176,646221.8144,5266046.384
378,F,176,630879.84,5270885.182
380,F,176,616465.9914,5262598.253
381,F,176,608052.1183,5263720.827
384,F,176,610150.0941,5260891.718
385,F,176,606370.7834,5256775.25
386,F,176,604332.3983,5252088.48
387,F,176,604356.1457,5252153.379
389,F,176,612603.5446,5240618.398
390,F,176,606565.9956,5239122.065
393,F,176,609515.9523,5217864.564
209,F,177,607543.496,5227212.893
334,M,177,611375.5192,5264598.081
374,M,177,648618.8321,5284275.464
375,F,177,652519.2735,5277313.635
376,F,177,606492.6046,5245433.877
377,F,177,646131.6496,5266218.714
378,F,177,630728.9053,5270972.973
380,F,177,616339.7494,5262582.4
381,F,177,608207.6626,5263576.957
384,F,177,610448.7137,5261198.623
386,F,177,603967.6948,5252783.471
387,F,177,603959.398,5252783.324
389,F,177,612594.5499,5240179.105
390,F,177,605970.9377,5239283.642
393,F,177,609524.2165,5217869.164
209,F,178,605674.082,5235549.838
334,M,178,610101.1455,5263532.254
374,M,178,648689.6515,5284207.216
375,F,178,652499.8759,5277968.146
376,F,178,606006.6891,5246657.939
377,F,178,646258.0005,5266105.114
378,F,178,630622.0161,5271681.076
380,F,178,616449.2693,5262567.903
381,F,178,608186.0113,5263688.839
384,F,178,609756.1598,5261205.605
385,F,178,606369.9457,5258523.926
386,F,178,604143.8017,5252680.985
387,F,178,604190.4435,5252646.24
389,F,178,612143.9705,5240928.688
390,F,178,606163.0038,5239074.772
393,F,178,609335.2287,5217910.143
209,F,179,605690.0277,5235462.304
334,M,179,610564.6946,5263991.25
375,F,179,652015.1877,5276955.71
376,F,179,606543.8402,5245941.727
377,F,179,646149.9861,5266148.004
378,F,179,630888.9843,5270846.471
380,F,179,616333.0557,5262464.42
381,F,179,608028.3415,5263662.579
384,F,179,610015.8725,5260856.954
385,F,179,606449.3546,5258550.938
386,F,179,604053.9111,5252729.415
387,F,179,604244.0313,5252390.396
389,F,179,612729.5473,5240237.272
390,F,179,605966.3618,5239285.783
393,F,179,609722.7279,5217682.741
209,F,180,605627.8585,5235637.942
334,M,180,610962.4465,5263548.532
374,M,180,647417.5745,5283535.374
375,F,180,652355.77,5277126.974
376,F,180,606567.5811,5246215.628
377,F,180,646271.6951,5266250.018
378,F,180,630687.9774,5271490.197
380,F,180,616048.191,5262507.68
381,F,180,608334.8969,5264148.511
384,F,180,610292.3665,5261098.954
385,F,180,606243.6236,5258548.314
386,F,180,603807.5119,5252881.797
387,F,180,603884.1955,5252939.849
389,F,180,612530.0073,5240470.249
390,F,180,606167.9862,5239176.023
393,F,180,609423.6523,5217889.541
209,F,181,605057.1974,5239507.397
334,M,181,611673.2418,5263755.504
374,M,181,648163.2158,5284182.648
375,F,181,652636.6166,5277941.703
376,F,181,607955.764,5245483.896
377,F,181,646218.9428,5266040.753
378,F,181,630453.5204,5271815.18
380,F,181,616477.6213,5262733.009
381,F,181,608717.332,5264681.452
384,F,181,610386.849,5261162.992
385,F,181,605783.9676,5258582.239
386,F,181,603817.1723,5252847.506
387,F,181,603818.5825,5252853.089
389,F,181,612583.9666,5240376.785
390,F,181,605839.4897,5239360.207
393,F,181,609465.7728,5217910.327
