"station","dist","species","seeds.1999-03-23","seeds.1999-03-25","seeds.1999-03-27","seeds.1999-03-28","seeds.1999-04-03","seeds.1999-04-04","seeds.1999-04-10","seeds.1999-04-11","seeds.1999-04-17","seeds.1999-04-18","seeds.1999-04-24","seeds.1999-04-25","seeds.1999-05-02","seeds.1999-05-03","seeds.1999-05-09","seeds.1999-05-10","seeds.1999-05-16","seeds.1999-05-17","seeds.1999-05-23","seeds.1999-05-24","seeds.1999-05-30","seeds.1999-05-31","seeds.1999-06-06","seeds.1999-06-07","seeds.1999-06-12","seeds.1999-06-13","seeds.1999-06-19","seeds.1999-06-20","seeds.1999-06-26","seeds.1999-06-27","seeds.1999-07-04","seeds.1999-07-05","seeds.1999-07-10","seeds.1999-07-11","seeds.1999-07-17","seeds.1999-07-18","seeds.1999-07-24","seeds.1999-07-25","seeds.1999-07-31","seeds.1999-08-01","seeds.1999-08-07","seeds.1999-08-08","seeds.1999-08-14","seeds.1999-08-15","seeds.1999-08-21","seeds.1999-08-22","seeds.1999-08-29","seeds.1999-08-30","seeds.1999-09-04","seeds.1999-09-05","seeds.1999-09-14","seeds.1999-09-15","seeds.1999-09-18","seeds.1999-09-19","seeds.1999-09-27","seeds.1999-09-28","seeds.1999-10-02","seeds.1999-10-03","seeds.1999-10-10","seeds.1999-10-12","seeds.1999-10-18","seeds.1999-10-19","seeds.1999-10-25","seeds.1999-10-26","seeds.1999-10-30","seeds.1999-10-31","seeds.1999-11-06","seeds.1999-11-07","seeds.1999-11-13","seeds.1999-11-14","seeds.1999-11-20","seeds.1999-11-21","seeds.1999-11-27","seeds.1999-11-28"
"1","25","psd",5,NA,5,NA,5,NA,0,NA,0,NA,0,NA,0,NA,0,NA,0,NA,0,NA,0,NA,0,NA,0,NA,0,NA,0,NA,0,NA,0,NA,0,NA,0,NA,0,NA,0,NA,0,NA,0,NA,0,NA,0,NA,0,NA,0,NA,0,NA,0,NA,0,NA,0,NA,0,NA,0,NA,0,NA,0,NA,0,NA,0,NA
"2","25","uva",5,NA,5,NA,5,NA,5,NA,4,NA,2,NA,2,NA,0,NA,0,NA,0,NA,0,NA,0,NA,0,NA,0,NA,0,NA,0,NA,0,NA,0,NA,0,NA,0,NA,0,NA,0,NA,0,NA,0,NA,0,NA,0,NA,0,NA,0,NA,0,NA,0,NA,0,NA,0,NA,0,NA,0,NA,0,NA,0,NA,0,NA
"3","25","pol",5,NA,4,NA,0,NA,0,NA,0,NA,0,NA,0,NA,0,NA,0,NA,0,NA,0,NA,0,NA,0,NA,0,NA,0,NA,0,NA,0,NA,0,NA,0,NA,0,NA,0,NA,0,NA,0,NA,0,NA,0,NA,0,NA,0,NA,0,NA,0,NA,0,NA,0,NA,0,NA,0,NA,0,NA,0,NA,0,NA,0,NA
"4","25","dio",5,NA,5,NA,4,NA,4,NA,4,NA,4,NA,4,NA,4,NA,4,NA,4,NA,4,NA,4,NA,4,NA,4,NA,4,NA,4,NA,4,NA,4,NA,4,NA,4,NA,4,NA,4,NA,4,NA,4,NA,4,NA,4,NA,4,NA,4,NA,4,NA,4,NA,4,NA,4,NA,4,NA,4,NA,4,NA,4,NA,4,NA
"5","25","cor",5,NA,4,NA,4,NA,4,NA,4,NA,4,NA,4,NA,4,NA,4,NA,4,NA,4,NA,4,NA,4,NA,4,NA,4,NA,4,NA,4,NA,4,NA,4,NA,4,NA,4,NA,4,NA,4,NA,4,NA,4,NA,4,NA,4,NA,4,NA,4,NA,4,NA,4,NA,4,NA,4,NA,4,NA,4,NA,4,NA,4,NA
"6","25","abz",5,NA,5,NA,0,NA,0,NA,0,NA,0,NA,0,NA,0,NA,0,NA,0,NA,0,NA,0,NA,0,NA,0,NA,0,NA,0,NA,0,NA,0,NA,0,NA,0,NA,0,NA,0,NA,0,NA,0,NA,0,NA,0,NA,0,NA,0,NA,0,NA,0,NA,0,NA,0,NA,0,NA,0,NA,0,NA,0,NA,0,NA
"7","25","cd",5,NA,5,NA,5,NA,4,NA,0,NA,0,NA,0,NA,0,NA,0,NA,0,NA,0,NA,0,NA,0,NA,0,NA,0,NA,0,NA,0,NA,0,NA,0,NA,0,NA,0,NA,0,NA,0,NA,0,NA,0,NA,0,NA,0,NA,0,NA,0,NA,0,NA,0,NA,0,NA,0,NA,0,NA,0,NA,0,NA,0,NA
"8","25","mmu",5,NA,5,NA,5,NA,5,NA,5,NA,5,NA,5,NA,5,NA,5,NA,5,NA,5,NA,5,NA,5,NA,5,NA,5,NA,5,NA,5,NA,5,NA,5,NA,5,NA,5,NA,5,NA,5,NA,4,NA,4,NA,4,NA,4,NA,4,NA,4,NA,4,NA,4,NA,4,NA,4,NA,4,NA,4,NA,4,NA,4,NA
"9","25","psd",5,NA,5,NA,5,NA,5,NA,5,NA,5,NA,5,NA,5,NA,5,NA,5,NA,5,NA,5,NA,5,NA,5,NA,5,NA,5,NA,5,NA,5,NA,0,NA,0,NA,0,NA,0,NA,0,NA,0,NA,0,NA,0,NA,0,NA,0,NA,0,NA,0,NA,0,NA,0,NA,0,NA,0,NA,0,NA,0,NA,0,NA
"10","25","uva",5,NA,4,NA,4,NA,4,NA,3,NA,3,NA,3,NA,3,NA,3,NA,3,NA,3,NA,3,NA,3,NA,3,NA,3,NA,3,NA,3,NA,3,NA,0,NA,0,NA,0,NA,0,NA,0,NA,0,NA,0,NA,0,NA,0,NA,0,NA,0,NA,0,NA,0,NA,0,NA,0,NA,0,NA,0,NA,0,NA,0,NA
"11","25","pol",1,NA,NA,NA,0,NA,0,NA,0,NA,0,NA,0,NA,0,NA,0,NA,0,NA,0,NA,0,NA,0,NA,0,NA,0,NA,0,NA,0,NA,0,NA,0,NA,0,NA,0,NA,0,NA,0,NA,0,NA,0,NA,0,NA,0,NA,0,NA,0,NA,0,NA,0,NA,0,NA,0,NA,0,NA,0,NA,0,NA,0,NA
"12","25","dio",5,NA,5,NA,5,NA,5,NA,5,NA,5,NA,5,NA,5,NA,5,NA,5,NA,5,NA,5,NA,5,NA,5,NA,5,NA,5,NA,5,NA,4,NA,4,NA,4,NA,4,NA,4,NA,4,NA,4,NA,4,NA,4,NA,4,NA,4,NA,4,NA,4,NA,4,NA,4,NA,4,NA,4,NA,4,NA,4,NA,4,NA
"13","25","cor",5,NA,5,NA,5,NA,5,NA,5,NA,5,NA,5,NA,5,NA,5,NA,5,NA,5,NA,5,NA,5,NA,5,NA,5,NA,5,NA,5,NA,5,NA,5,NA,5,NA,5,NA,5,NA,5,NA,5,NA,5,NA,4,NA,4,NA,4,NA,4,NA,4,NA,4,NA,4,NA,4,NA,4,NA,4,NA,4,NA,4,NA
"14","25","abz",5,NA,5,NA,5,NA,1,NA,1,NA,1,NA,1,NA,1,NA,1,NA,0,NA,0,NA,0,NA,0,NA,0,NA,0,NA,0,NA,0,NA,0,NA,0,NA,0,NA,0,NA,0,NA,0,NA,0,NA,0,NA,0,NA,0,NA,0,NA,0,NA,0,NA,0,NA,0,NA,0,NA,0,NA,0,NA,0,NA,0,NA
"15","25","cd",5,NA,5,NA,0,NA,0,NA,0,NA,0,NA,0,NA,0,NA,0,NA,0,NA,0,NA,0,NA,0,NA,0,NA,0,NA,0,NA,0,NA,0,NA,0,NA,0,NA,0,NA,0,NA,0,NA,0,NA,0,NA,0,NA,0,NA,0,NA,0,NA,0,NA,0,NA,0,NA,0,NA,0,NA,0,NA,0,NA,0,NA
"16","25","mmu",5,NA,5,NA,5,NA,5,NA,0,NA,0,NA,0,NA,0,NA,0,NA,0,NA,0,NA,0,NA,0,NA,0,NA,0,NA,0,NA,0,NA,0,NA,0,NA,0,NA,0,NA,0,NA,0,NA,0,NA,0,NA,0,NA,0,NA,0,NA,0,NA,0,NA,0,NA,0,NA,0,NA,0,NA,0,NA,0,NA,0,NA
"17","25","psd",5,NA,0,NA,0,NA,0,NA,0,NA,0,NA,0,NA,0,NA,0,NA,0,NA,0,NA,0,NA,0,NA,0,NA,0,NA,0,NA,0,NA,0,NA,0,NA,0,NA,0,NA,0,NA,0,NA,0,NA,0,NA,0,NA,0,NA,0,NA,0,NA,0,NA,0,NA,0,NA,0,NA,0,NA,0,NA,0,NA,0,NA
"18","25","uva",5,NA,5,NA,5,NA,5,NA,5,NA,5,NA,5,NA,5,NA,5,NA,5,NA,5,NA,5,NA,5,NA,5,NA,5,NA,5,NA,5,NA,5,NA,4,NA,4,NA,4,NA,4,NA,4,NA,4,NA,4,NA,4,NA,4,NA,4,NA,4,NA,4,NA,4,NA,4,NA,4,NA,4,NA,4,NA,4,NA,4,NA
"19","25","pol",5,NA,5,NA,5,NA,5,NA,5,NA,5,NA,5,NA,3,NA,3,NA,2,NA,2,NA,2,NA,2,NA,2,NA,2,NA,2,NA,2,NA,2,NA,0,NA,0,NA,0,NA,0,NA,0,NA,0,NA,0,NA,0,NA,0,NA,0,NA,0,NA,0,NA,0,NA,0,NA,0,NA,0,NA,0,NA,0,NA,0,NA
"20","25","dio",5,NA,5,NA,5,NA,5,NA,5,NA,5,NA,2,NA,2,NA,0,NA,0,NA,0,NA,0,NA,0,NA,0,NA,0,NA,0,NA,0,NA,0,NA,0,NA,0,NA,0,NA,0,NA,0,NA,0,NA,0,NA,0,NA,0,NA,0,NA,0,NA,0,NA,0,NA,0,NA,0,NA,0,NA,0,NA,0,NA,0,NA
"21","25","cor",5,NA,5,NA,5,NA,5,NA,5,NA,2,NA,2,NA,2,NA,2,NA,2,NA,2,NA,2,NA,2,NA,2,NA,2,NA,2,NA,2,NA,2,NA,2,NA,2,NA,2,NA,2,NA,2,NA,2,NA,2,NA,2,NA,2,NA,2,NA,2,NA,2,NA,2,NA,2,NA,2,NA,2,NA,2,NA,2,NA,2,NA
"22","25","abz",5,NA,5,NA,5,NA,5,NA,1,NA,1,NA,1,NA,1,NA,1,NA,0,NA,0,NA,0,NA,0,NA,0,NA,0,NA,0,NA,0,NA,0,NA,0,NA,0,NA,0,NA,0,NA,0,NA,0,NA,0,NA,0,NA,0,NA,0,NA,0,NA,0,NA,0,NA,0,NA,0,NA,0,NA,0,NA,0,NA,0,NA
"23","25","cd",5,NA,2,NA,2,NA,2,NA,2,NA,2,NA,0,NA,0,NA,0,NA,0,NA,0,NA,0,NA,0,NA,0,NA,0,NA,0,NA,0,NA,0,NA,0,NA,0,NA,0,NA,0,NA,0,NA,0,NA,0,NA,0,NA,0,NA,0,NA,0,NA,0,NA,0,NA,0,NA,0,NA,0,NA,0,NA,0,NA,0,NA
"24","25","mmu",5,NA,5,NA,5,NA,5,NA,5,NA,5,NA,5,NA,5,NA,5,NA,5,NA,5,NA,5,NA,5,NA,5,NA,5,NA,5,NA,5,NA,5,NA,5,NA,5,NA,5,NA,5,NA,4,NA,4,NA,4,NA,4,NA,4,NA,4,NA,4,NA,4,NA,4,NA,4,NA,4,NA,4,NA,4,NA,4,NA,4,NA
"25","25","psd",5,NA,5,NA,5,NA,5,NA,5,NA,5,NA,5,NA,5,NA,5,NA,5,NA,5,NA,5,NA,5,NA,5,NA,5,NA,5,NA,5,NA,5,NA,5,NA,5,NA,5,NA,5,NA,5,NA,5,NA,5,NA,5,NA,5,NA,5,NA,5,NA,5,NA,5,NA,5,NA,5,NA,5,NA,5,NA,5,NA,5,NA
"26","25","uva",5,NA,5,NA,5,NA,5,NA,5,NA,5,NA,5,NA,5,NA,5,NA,5,NA,5,NA,5,NA,5,NA,5,NA,5,NA,5,NA,5,NA,5,NA,5,NA,5,NA,5,NA,5,NA,5,NA,5,NA,5,NA,5,NA,5,NA,5,NA,5,NA,5,NA,5,NA,5,NA,5,NA,5,NA,5,NA,5,NA,5,NA
"27","25","pol",4,NA,0,NA,0,NA,0,NA,0,NA,0,NA,0,NA,0,NA,0,NA,0,NA,0,NA,0,NA,0,NA,0,NA,0,NA,0,NA,0,NA,0,NA,0,NA,0,NA,0,NA,0,NA,0,NA,0,NA,0,NA,0,NA,0,NA,0,NA,0,NA,0,NA,0,NA,0,NA,0,NA,0,NA,0,NA,0,NA,0,NA
"28","25","dio",5,NA,5,NA,5,NA,5,NA,5,NA,5,NA,5,NA,5,NA,5,NA,5,NA,5,NA,5,NA,5,NA,5,NA,5,NA,5,NA,5,NA,5,NA,5,NA,5,NA,5,NA,5,NA,5,NA,5,NA,5,NA,5,NA,5,NA,5,NA,5,NA,5,NA,5,NA,5,NA,5,NA,5,NA,5,NA,5,NA,5,NA
"29","25","cor",5,NA,5,NA,5,NA,5,NA,5,NA,5,NA,5,NA,5,NA,5,NA,5,NA,5,NA,5,NA,5,NA,5,NA,5,NA,5,NA,5,NA,5,NA,5,NA,5,NA,5,NA,5,NA,5,NA,5,NA,5,NA,5,NA,5,NA,5,NA,5,NA,5,NA,5,NA,5,NA,5,NA,5,NA,5,NA,5,NA,5,NA
"30","25","abz",5,NA,0,NA,0,NA,0,NA,0,NA,0,NA,0,NA,0,NA,0,NA,0,NA,0,NA,0,NA,0,NA,0,NA,0,NA,0,NA,0,NA,0,NA,0,NA,0,NA,0,NA,0,NA,0,NA,0,NA,0,NA,0,NA,0,NA,0,NA,0,NA,0,NA,0,NA,0,NA,0,NA,0,NA,0,NA,0,NA,0,NA
"31","25","cd",0,NA,0,NA,0,NA,0,NA,0,NA,0,NA,0,NA,0,NA,0,NA,0,NA,0,NA,0,NA,0,NA,0,NA,0,NA,0,NA,0,NA,0,NA,0,NA,0,NA,0,NA,0,NA,0,NA,0,NA,0,NA,0,NA,0,NA,0,NA,0,NA,0,NA,0,NA,0,NA,0,NA,0,NA,0,NA,0,NA,0,NA
"32","25","mmu",5,NA,5,NA,5,NA,0,NA,0,NA,0,NA,0,NA,0,NA,0,NA,0,NA,0,NA,0,NA,0,NA,0,NA,0,NA,0,NA,0,NA,0,NA,0,NA,0,NA,0,NA,0,NA,0,NA,0,NA,0,NA,0,NA,0,NA,0,NA,0,NA,0,NA,0,NA,0,NA,0,NA,0,NA,0,NA,0,NA,0,NA
"33","25","psd",5,NA,0,NA,0,NA,0,NA,0,NA,0,NA,0,NA,0,NA,0,NA,0,NA,0,NA,0,NA,0,NA,0,NA,0,NA,0,NA,0,NA,0,NA,0,NA,0,NA,0,NA,0,NA,0,NA,0,NA,0,NA,0,NA,0,NA,0,NA,0,NA,0,NA,0,NA,0,NA,0,NA,0,NA,0,NA,0,NA,0,NA
"34","25","uva",5,NA,0,NA,0,NA,0,NA,0,NA,0,NA,0,NA,0,NA,0,NA,0,NA,0,NA,0,NA,0,NA,0,NA,0,NA,0,NA,0,NA,0,NA,0,NA,0,NA,0,NA,0,NA,0,NA,0,NA,0,NA,0,NA,0,NA,0,NA,0,NA,0,NA,0,NA,0,NA,0,NA,0,NA,0,NA,0,NA,0,NA
"35","25","pol",5,NA,5,NA,3,NA,3,NA,2,NA,2,NA,2,NA,1,NA,1,NA,1,NA,1,NA,1,NA,1,NA,1,NA,1,NA,1,NA,1,NA,1,NA,1,NA,1,NA,1,NA,1,NA,1,NA,0,NA,0,NA,0,NA,0,NA,0,NA,0,NA,0,NA,0,NA,0,NA,0,NA,0,NA,0,NA,0,NA,0,NA
"36","25","dio",5,NA,0,NA,0,NA,0,NA,0,NA,0,NA,0,NA,0,NA,0,NA,0,NA,0,NA,0,NA,0,NA,0,NA,0,NA,0,NA,0,NA,0,NA,0,NA,0,NA,0,NA,0,NA,0,NA,0,NA,0,NA,0,NA,0,NA,0,NA,0,NA,0,NA,0,NA,0,NA,0,NA,0,NA,0,NA,0,NA,0,NA
"37","25","cor",5,NA,5,NA,0,NA,0,NA,0,NA,0,NA,0,NA,0,NA,0,NA,0,NA,0,NA,0,NA,0,NA,0,NA,0,NA,0,NA,0,NA,0,NA,0,NA,0,NA,0,NA,0,NA,0,NA,0,NA,0,NA,0,NA,0,NA,0,NA,0,NA,0,NA,0,NA,0,NA,0,NA,0,NA,0,NA,0,NA,0,NA
"38","25","abz",0,NA,0,NA,0,NA,0,NA,0,NA,0,NA,0,NA,0,NA,0,NA,0,NA,0,NA,0,NA,0,NA,0,NA,0,NA,0,NA,0,NA,0,NA,0,NA,0,NA,0,NA,0,NA,0,NA,0,NA,0,NA,0,NA,0,NA,0,NA,0,NA,0,NA,0,NA,0,NA,0,NA,0,NA,0,NA,0,NA,0,NA
"39","25","cd",5,NA,5,NA,5,NA,5,NA,5,NA,5,NA,5,NA,5,NA,5,NA,5,NA,5,NA,5,NA,5,NA,4,NA,4,NA,4,NA,4,NA,3,NA,3,NA,3,NA,3,NA,3,NA,3,NA,3,NA,3,NA,3,NA,3,NA,3,NA,3,NA,3,NA,3,NA,3,NA,3,NA,3,NA,3,NA,3,NA,3,NA
"40","25","mmu",5,NA,0,NA,0,NA,0,NA,0,NA,0,NA,0,NA,0,NA,0,NA,0,NA,0,NA,0,NA,0,NA,0,NA,0,NA,0,NA,0,NA,0,NA,0,NA,0,NA,0,NA,0,NA,0,NA,0,NA,0,NA,0,NA,0,NA,0,NA,0,NA,0,NA,0,NA,0,NA,0,NA,0,NA,0,NA,0,NA,0,NA
"41","25","psd",0,NA,0,NA,0,NA,0,NA,0,NA,0,NA,0,NA,0,NA,0,NA,0,NA,0,NA,0,NA,0,NA,0,NA,0,NA,0,NA,0,NA,0,NA,0,NA,0,NA,0,NA,0,NA,0,NA,0,NA,0,NA,0,NA,0,NA,0,NA,0,NA,0,NA,0,NA,0,NA,0,NA,0,NA,0,NA,0,NA,0,NA
"42","25","uva",5,NA,5,NA,5,NA,5,NA,5,NA,5,NA,5,NA,5,NA,5,NA,5,NA,5,NA,5,NA,5,NA,5,NA,5,NA,5,NA,5,NA,5,NA,0,NA,0,NA,0,NA,0,NA,0,NA,0,NA,0,NA,0,NA,0,NA,0,NA,0,NA,0,NA,0,NA,0,NA,0,NA,0,NA,0,NA,0,NA,0,NA
"43","25","pol",0,NA,0,NA,0,NA,0,NA,0,NA,0,NA,0,NA,0,NA,0,NA,0,NA,0,NA,0,NA,0,NA,0,NA,0,NA,0,NA,0,NA,0,NA,0,NA,0,NA,0,NA,0,NA,0,NA,0,NA,0,NA,0,NA,0,NA,0,NA,0,NA,0,NA,0,NA,0,NA,0,NA,0,NA,0,NA,0,NA,0,NA
"44","25","dio",5,NA,0,NA,0,NA,0,NA,0,NA,0,NA,0,NA,0,NA,0,NA,0,NA,0,NA,0,NA,0,NA,0,NA,0,NA,0,NA,0,NA,0,NA,0,NA,0,NA,0,NA,0,NA,0,NA,0,NA,0,NA,0,NA,0,NA,0,NA,0,NA,0,NA,0,NA,0,NA,0,NA,0,NA,0,NA,0,NA,0,NA
"45","25","cor",5,NA,5,NA,4,NA,4,NA,4,NA,4,NA,4,NA,4,NA,4,NA,4,NA,4,NA,4,NA,4,NA,4,NA,4,NA,4,NA,4,NA,4,NA,4,NA,4,NA,4,NA,4,NA,4,NA,4,NA,4,NA,4,NA,4,NA,4,NA,4,NA,4,NA,4,NA,4,NA,4,NA,4,NA,4,NA,4,NA,4,NA
"46","25","abz",5,NA,3,NA,0,NA,0,NA,0,NA,0,NA,0,NA,0,NA,0,NA,0,NA,0,NA,0,NA,0,NA,0,NA,0,NA,0,NA,0,NA,0,NA,0,NA,0,NA,0,NA,0,NA,0,NA,0,NA,0,NA,0,NA,0,NA,0,NA,0,NA,0,NA,0,NA,0,NA,0,NA,0,NA,0,NA,0,NA,0,NA
"47","25","cd",5,NA,5,NA,3,NA,0,NA,0,NA,0,NA,0,NA,0,NA,0,NA,0,NA,0,NA,0,NA,0,NA,0,NA,0,NA,0,NA,0,NA,0,NA,0,NA,0,NA,0,NA,0,NA,0,NA,0,NA,0,NA,0,NA,0,NA,0,NA,0,NA,0,NA,0,NA,0,NA,0,NA,0,NA,0,NA,0,NA,0,NA
"48","25","mmu",5,NA,0,NA,0,NA,0,NA,0,NA,0,NA,0,NA,0,NA,0,NA,0,NA,0,NA,0,NA,0,NA,0,NA,0,NA,0,NA,0,NA,0,NA,0,NA,0,NA,0,NA,0,NA,0,NA,0,NA,0,NA,0,NA,0,NA,0,NA,0,NA,0,NA,0,NA,0,NA,0,NA,0,NA,0,NA,0,NA,0,NA
"49","25","psd",4,NA,4,NA,0,NA,0,NA,0,NA,0,NA,0,NA,0,NA,0,NA,0,NA,0,NA,0,NA,0,NA,0,NA,0,NA,0,NA,0,NA,0,NA,0,NA,0,NA,0,NA,0,NA,0,NA,0,NA,0,NA,0,NA,0,NA,0,NA,0,NA,0,NA,0,NA,0,NA,0,NA,0,NA,0,NA,0,NA,0,NA
"50","25","uva",4,NA,4,NA,3,NA,3,NA,3,NA,3,NA,0,NA,0,NA,0,NA,0,NA,0,NA,0,NA,0,NA,0,NA,0,NA,0,NA,0,NA,0,NA,0,NA,0,NA,0,NA,0,NA,0,NA,0,NA,0,NA,0,NA,0,NA,0,NA,0,NA,0,NA,0,NA,0,NA,0,NA,0,NA,0,NA,0,NA,0,NA
"51","25","pol",3,NA,3,NA,3,NA,0,NA,0,NA,0,NA,0,NA,0,NA,0,NA,0,NA,0,NA,0,NA,0,NA,0,NA,0,NA,0,NA,0,NA,0,NA,0,NA,0,NA,0,NA,0,NA,0,NA,0,NA,0,NA,0,NA,0,NA,0,NA,0,NA,0,NA,0,NA,0,NA,0,NA,0,NA,0,NA,0,NA,0,NA
"52","25","dio",5,NA,5,NA,0,NA,0,NA,0,NA,0,NA,0,NA,0,NA,0,NA,0,NA,0,NA,0,NA,0,NA,0,NA,0,NA,0,NA,0,NA,0,NA,0,NA,0,NA,0,NA,0,NA,0,NA,0,NA,0,NA,0,NA,0,NA,0,NA,0,NA,0,NA,0,NA,0,NA,0,NA,0,NA,0,NA,0,NA,0,NA
"53","25","cor",5,NA,5,NA,0,NA,0,NA,0,NA,0,NA,0,NA,0,NA,0,NA,0,NA,0,NA,0,NA,0,NA,0,NA,0,NA,0,NA,0,NA,0,NA,0,NA,0,NA,0,NA,0,NA,0,NA,0,NA,0,NA,0,NA,0,NA,0,NA,0,NA,0,NA,0,NA,0,NA,0,NA,0,NA,0,NA,0,NA,0,NA
"54","25","abz",4,NA,4,NA,4,NA,4,NA,2,NA,2,NA,2,NA,2,NA,1,NA,1,NA,1,NA,1,NA,1,NA,1,NA,1,NA,1,NA,1,NA,1,NA,1,NA,1,NA,1,NA,1,NA,1,NA,1,NA,1,NA,1,NA,1,NA,1,NA,1,NA,1,NA,1,NA,1,NA,1,NA,1,NA,1,NA,1,NA,1,NA
"55","25","cd",5,NA,0,NA,0,NA,0,NA,0,NA,0,NA,0,NA,0,NA,0,NA,0,NA,0,NA,0,NA,0,NA,0,NA,0,NA,0,NA,0,NA,0,NA,0,NA,0,NA,0,NA,0,NA,0,NA,0,NA,0,NA,0,NA,0,NA,0,NA,0,NA,0,NA,0,NA,0,NA,0,NA,0,NA,0,NA,0,NA,0,NA
"56","25","mmu",5,NA,5,NA,5,NA,0,NA,0,NA,0,NA,0,NA,0,NA,0,NA,0,NA,0,NA,0,NA,0,NA,0,NA,0,NA,0,NA,0,NA,0,NA,0,NA,0,NA,0,NA,0,NA,0,NA,0,NA,0,NA,0,NA,0,NA,0,NA,0,NA,0,NA,0,NA,0,NA,0,NA,0,NA,0,NA,0,NA,0,NA
"57","25","psd",5,NA,5,NA,0,NA,0,NA,0,NA,0,NA,0,NA,0,NA,0,NA,0,NA,0,NA,0,NA,0,NA,0,NA,0,NA,0,NA,0,NA,0,NA,0,NA,0,NA,0,NA,0,NA,0,NA,0,NA,0,NA,0,NA,0,NA,0,NA,0,NA,0,NA,0,NA,0,NA,0,NA,0,NA,0,NA,0,NA,0,NA
"58","25","uva",5,NA,5,NA,5,NA,5,NA,5,NA,5,NA,5,NA,5,NA,3,NA,1,NA,1,NA,1,NA,1,NA,1,NA,1,NA,1,NA,1,NA,1,NA,1,NA,1,NA,1,NA,1,NA,1,NA,0,NA,0,NA,0,NA,0,NA,0,NA,0,NA,0,NA,0,NA,0,NA,0,NA,0,NA,0,NA,0,NA,0,NA
"59","25","pol",5,NA,5,NA,3,NA,1,NA,0,NA,0,NA,0,NA,0,NA,0,NA,0,NA,0,NA,0,NA,0,NA,0,NA,0,NA,0,NA,0,NA,0,NA,0,NA,0,NA,0,NA,0,NA,0,NA,0,NA,0,NA,0,NA,0,NA,0,NA,0,NA,0,NA,0,NA,0,NA,0,NA,0,NA,0,NA,0,NA,0,NA
"60","25","dio",5,NA,1,NA,0,NA,0,NA,0,NA,0,NA,0,NA,0,NA,0,NA,0,NA,0,NA,0,NA,0,NA,0,NA,0,NA,0,NA,0,NA,0,NA,0,NA,0,NA,0,NA,0,NA,0,NA,0,NA,0,NA,0,NA,0,NA,0,NA,0,NA,0,NA,0,NA,0,NA,0,NA,0,NA,0,NA,0,NA,0,NA
"61","25","cor",5,NA,3,NA,2,NA,1,NA,1,NA,1,NA,1,NA,1,NA,1,NA,1,NA,1,NA,1,NA,1,NA,1,NA,1,NA,1,NA,1,NA,1,NA,1,NA,1,NA,1,NA,1,NA,1,NA,1,NA,1,NA,1,NA,1,NA,1,NA,1,NA,1,NA,NA,NA,0,NA,0,NA,0,NA,0,NA,0,NA,0,NA
"62","25","abz",5,NA,0,NA,0,NA,0,NA,0,NA,0,NA,0,NA,0,NA,0,NA,0,NA,0,NA,0,NA,0,NA,0,NA,0,NA,0,NA,0,NA,0,NA,0,NA,0,NA,0,NA,0,NA,0,NA,0,NA,0,NA,0,NA,0,NA,0,NA,0,NA,0,NA,0,NA,0,NA,0,NA,0,NA,0,NA,0,NA,0,NA
"63","25","cd",5,NA,0,NA,0,NA,0,NA,0,NA,0,NA,0,NA,0,NA,0,NA,0,NA,0,NA,0,NA,0,NA,0,NA,0,NA,0,NA,0,NA,0,NA,0,NA,0,NA,0,NA,0,NA,0,NA,0,NA,0,NA,0,NA,0,NA,0,NA,0,NA,0,NA,0,NA,0,NA,0,NA,0,NA,0,NA,0,NA,0,NA
"64","25","mmu",5,NA,1,NA,0,NA,0,NA,0,NA,0,NA,0,NA,0,NA,0,NA,0,NA,0,NA,0,NA,0,NA,0,NA,0,NA,0,NA,0,NA,0,NA,0,NA,0,NA,0,NA,0,NA,0,NA,0,NA,0,NA,0,NA,0,NA,0,NA,0,NA,0,NA,0,NA,0,NA,0,NA,0,NA,0,NA,0,NA,0,NA
"65","25","psd",5,NA,5,NA,5,NA,5,NA,4,NA,4,NA,4,NA,4,NA,4,NA,4,NA,4,NA,4,NA,4,NA,4,NA,4,NA,4,NA,4,NA,4,NA,4,NA,4,NA,4,NA,4,NA,4,NA,4,NA,4,NA,4,NA,4,NA,4,NA,4,NA,4,NA,4,NA,4,NA,4,NA,4,NA,4,NA,4,NA,4,NA
"66","25","uva",5,NA,5,NA,0,NA,0,NA,0,NA,0,NA,0,NA,0,NA,0,NA,0,NA,0,NA,0,NA,0,NA,0,NA,0,NA,0,NA,0,NA,0,NA,0,NA,0,NA,0,NA,0,NA,0,NA,0,NA,0,NA,0,NA,0,NA,0,NA,0,NA,0,NA,0,NA,0,NA,0,NA,0,NA,0,NA,0,NA,0,NA
"67","25","pol",3,NA,2,NA,2,NA,2,NA,2,NA,2,NA,0,NA,0,NA,0,NA,0,NA,0,NA,0,NA,0,NA,0,NA,0,NA,0,NA,0,NA,0,NA,0,NA,0,NA,0,NA,0,NA,0,NA,0,NA,0,NA,0,NA,0,NA,0,NA,0,NA,0,NA,0,NA,0,NA,0,NA,0,NA,0,NA,0,NA,0,NA
"68","25","dio",5,NA,3,NA,0,NA,0,NA,0,NA,0,NA,0,NA,0,NA,0,NA,0,NA,0,NA,0,NA,0,NA,0,NA,0,NA,0,NA,0,NA,0,NA,0,NA,0,NA,0,NA,0,NA,0,NA,0,NA,0,NA,0,NA,0,NA,0,NA,0,NA,0,NA,0,NA,0,NA,0,NA,0,NA,0,NA,0,NA,0,NA
"69","25","cor",5,NA,5,NA,5,NA,5,NA,5,NA,5,NA,5,NA,5,NA,5,NA,0,NA,0,NA,0,NA,0,NA,0,NA,0,NA,0,NA,0,NA,0,NA,0,NA,0,NA,0,NA,0,NA,0,NA,0,NA,0,NA,0,NA,0,NA,0,NA,0,NA,0,NA,0,NA,0,NA,0,NA,0,NA,0,NA,0,NA,0,NA
"70","25","abz",5,NA,0,NA,0,NA,0,NA,0,NA,0,NA,0,NA,0,NA,0,NA,0,NA,0,NA,0,NA,0,NA,0,NA,0,NA,0,NA,0,NA,0,NA,0,NA,0,NA,0,NA,0,NA,0,NA,0,NA,0,NA,0,NA,0,NA,0,NA,0,NA,0,NA,0,NA,0,NA,0,NA,0,NA,0,NA,0,NA,0,NA
"71","25","cd",5,NA,0,NA,0,NA,0,NA,0,NA,0,NA,0,NA,0,NA,0,NA,0,NA,0,NA,0,NA,0,NA,0,NA,0,NA,0,NA,0,NA,0,NA,0,NA,0,NA,0,NA,0,NA,0,NA,0,NA,0,NA,0,NA,0,NA,0,NA,0,NA,0,NA,0,NA,0,NA,0,NA,0,NA,0,NA,0,NA,0,NA
"72","25","mmu",5,NA,0,NA,0,NA,0,NA,0,NA,0,NA,0,NA,0,NA,0,NA,0,NA,0,NA,0,NA,0,NA,0,NA,0,NA,0,NA,0,NA,0,NA,0,NA,0,NA,0,NA,0,NA,0,NA,0,NA,0,NA,0,NA,0,NA,0,NA,0,NA,0,NA,0,NA,0,NA,0,NA,0,NA,0,NA,0,NA,0,NA
"73","25","psd",5,NA,5,NA,4,NA,4,NA,4,NA,4,NA,4,NA,4,NA,4,NA,4,NA,4,NA,4,NA,4,NA,4,NA,4,NA,4,NA,4,NA,4,NA,4,NA,4,NA,4,NA,4,NA,4,NA,4,NA,4,NA,4,NA,4,NA,4,NA,4,NA,4,NA,4,NA,4,NA,4,NA,4,NA,4,NA,4,NA,4,NA
"74","25","uva",5,NA,5,NA,5,NA,5,NA,5,NA,5,NA,5,NA,5,NA,5,NA,5,NA,5,NA,5,NA,5,NA,5,NA,5,NA,5,NA,5,NA,5,NA,5,NA,5,NA,5,NA,5,NA,5,NA,0,NA,0,NA,0,NA,0,NA,0,NA,0,NA,0,NA,0,NA,0,NA,0,NA,0,NA,0,NA,0,NA,0,NA
"75","25","pol",5,NA,5,NA,5,NA,5,NA,5,NA,0,NA,0,NA,0,NA,0,NA,0,NA,0,NA,0,NA,0,NA,0,NA,0,NA,0,NA,0,NA,0,NA,0,NA,0,NA,0,NA,0,NA,0,NA,0,NA,0,NA,0,NA,0,NA,0,NA,0,NA,0,NA,0,NA,0,NA,0,NA,0,NA,0,NA,0,NA,0,NA
"76","25","dio",5,NA,5,NA,5,NA,5,NA,5,NA,5,NA,5,NA,5,NA,5,NA,5,NA,5,NA,5,NA,5,NA,5,NA,5,NA,5,NA,5,NA,5,NA,5,NA,1,NA,1,NA,1,NA,1,NA,1,NA,1,NA,1,NA,1,NA,1,NA,1,NA,1,NA,1,NA,1,NA,1,NA,1,NA,1,NA,1,NA,1,NA
"77","25","cor",4,NA,4,NA,3,NA,3,NA,3,NA,3,NA,3,NA,0,NA,0,NA,0,NA,0,NA,0,NA,0,NA,0,NA,0,NA,0,NA,0,NA,0,NA,0,NA,0,NA,0,NA,0,NA,0,NA,0,NA,0,NA,0,NA,0,NA,0,NA,0,NA,0,NA,0,NA,0,NA,0,NA,0,NA,0,NA,0,NA,0,NA
"78","25","abz",5,NA,4,NA,2,NA,0,NA,0,NA,0,NA,0,NA,0,NA,0,NA,0,NA,0,NA,0,NA,0,NA,0,NA,0,NA,0,NA,0,NA,0,NA,0,NA,0,NA,0,NA,0,NA,0,NA,0,NA,0,NA,0,NA,0,NA,0,NA,0,NA,0,NA,0,NA,0,NA,0,NA,0,NA,0,NA,0,NA,0,NA
"79","25","cd",5,NA,0,NA,0,NA,0,NA,0,NA,0,NA,0,NA,0,NA,0,NA,0,NA,0,NA,0,NA,0,NA,0,NA,0,NA,0,NA,0,NA,0,NA,0,NA,0,NA,0,NA,0,NA,0,NA,0,NA,0,NA,0,NA,0,NA,0,NA,0,NA,0,NA,0,NA,0,NA,0,NA,0,NA,0,NA,0,NA,0,NA
"80","25","mmu",5,NA,5,NA,0,NA,0,NA,0,NA,0,NA,0,NA,0,NA,0,NA,0,NA,0,NA,0,NA,0,NA,0,NA,0,NA,0,NA,0,NA,0,NA,0,NA,0,NA,0,NA,0,NA,0,NA,0,NA,0,NA,0,NA,0,NA,0,NA,0,NA,0,NA,0,NA,0,NA,0,NA,0,NA,0,NA,0,NA,0,NA
"81","25","psd",0,NA,0,NA,0,NA,0,NA,0,NA,0,NA,0,NA,0,NA,0,NA,0,NA,0,NA,0,NA,0,NA,0,NA,0,NA,0,NA,0,NA,0,NA,0,NA,0,NA,0,NA,0,NA,0,NA,0,NA,0,NA,0,NA,0,NA,0,NA,0,NA,0,NA,0,NA,0,NA,0,NA,0,NA,0,NA,0,NA,0,NA
"82","25","uva",5,NA,5,NA,0,NA,0,NA,0,NA,0,NA,0,NA,0,NA,0,NA,0,NA,0,NA,0,NA,0,NA,0,NA,0,NA,0,NA,0,NA,0,NA,0,NA,0,NA,0,NA,0,NA,0,NA,0,NA,0,NA,0,NA,0,NA,0,NA,0,NA,0,NA,0,NA,0,NA,0,NA,0,NA,0,NA,0,NA,0,NA
"83","25","pol",5,NA,5,NA,0,NA,0,NA,0,NA,0,NA,0,NA,0,NA,0,NA,0,NA,0,NA,0,NA,0,NA,0,NA,0,NA,0,NA,0,NA,0,NA,0,NA,0,NA,0,NA,0,NA,0,NA,0,NA,0,NA,0,NA,0,NA,0,NA,0,NA,0,NA,0,NA,0,NA,0,NA,0,NA,0,NA,0,NA,0,NA
"84","25","dio",5,NA,5,NA,0,NA,0,NA,0,NA,0,NA,0,NA,0,NA,0,NA,0,NA,0,NA,0,NA,0,NA,0,NA,0,NA,0,NA,0,NA,0,NA,0,NA,0,NA,0,NA,0,NA,0,NA,0,NA,0,NA,0,NA,0,NA,0,NA,0,NA,0,NA,0,NA,0,NA,0,NA,0,NA,0,NA,0,NA,0,NA
"85","25","cor",5,NA,4,NA,4,NA,4,NA,4,NA,4,NA,4,NA,4,NA,4,NA,4,NA,4,NA,4,NA,4,NA,4,NA,4,NA,4,NA,4,NA,4,NA,4,NA,4,NA,4,NA,4,NA,4,NA,4,NA,4,NA,4,NA,4,NA,4,NA,4,NA,4,NA,4,NA,4,NA,4,NA,4,NA,4,NA,4,NA,4,NA
"86","25","abz",5,NA,5,NA,0,NA,0,NA,0,NA,0,NA,0,NA,0,NA,0,NA,0,NA,0,NA,0,NA,0,NA,0,NA,0,NA,0,NA,0,NA,0,NA,0,NA,0,NA,0,NA,0,NA,0,NA,0,NA,0,NA,0,NA,0,NA,0,NA,0,NA,0,NA,0,NA,0,NA,0,NA,0,NA,0,NA,0,NA,0,NA
"87","25","cd",0,NA,0,NA,0,NA,0,NA,0,NA,0,NA,0,NA,0,NA,0,NA,0,NA,0,NA,0,NA,0,NA,0,NA,0,NA,0,NA,0,NA,0,NA,0,NA,0,NA,0,NA,0,NA,0,NA,0,NA,0,NA,0,NA,0,NA,0,NA,0,NA,0,NA,0,NA,0,NA,0,NA,0,NA,0,NA,0,NA,0,NA
"88","25","mmu",5,NA,5,NA,0,NA,0,NA,0,NA,0,NA,0,NA,0,NA,0,NA,0,NA,0,NA,0,NA,0,NA,0,NA,0,NA,0,NA,0,NA,0,NA,0,NA,0,NA,0,NA,0,NA,0,NA,0,NA,0,NA,0,NA,0,NA,0,NA,0,NA,0,NA,0,NA,0,NA,0,NA,0,NA,0,NA,0,NA,0,NA
"89","25","psd",5,NA,5,NA,0,NA,0,NA,0,NA,0,NA,0,NA,0,NA,0,NA,0,NA,0,NA,0,NA,0,NA,0,NA,0,NA,0,NA,0,NA,0,NA,0,NA,0,NA,0,NA,0,NA,0,NA,0,NA,0,NA,0,NA,0,NA,0,NA,0,NA,0,NA,0,NA,0,NA,0,NA,0,NA,0,NA,0,NA,0,NA
"90","25","uva",5,NA,4,NA,0,NA,0,NA,0,NA,0,NA,0,NA,0,NA,0,NA,0,NA,0,NA,0,NA,0,NA,0,NA,0,NA,0,NA,0,NA,0,NA,0,NA,0,NA,0,NA,0,NA,0,NA,0,NA,0,NA,0,NA,0,NA,0,NA,0,NA,0,NA,0,NA,0,NA,0,NA,0,NA,0,NA,0,NA,0,NA
"91","25","pol",5,NA,5,NA,0,NA,0,NA,0,NA,0,NA,0,NA,0,NA,0,NA,0,NA,0,NA,0,NA,0,NA,0,NA,0,NA,0,NA,0,NA,0,NA,0,NA,0,NA,0,NA,0,NA,0,NA,0,NA,0,NA,0,NA,0,NA,0,NA,0,NA,0,NA,0,NA,0,NA,0,NA,0,NA,0,NA,0,NA,0,NA
"92","25","dio",5,NA,5,NA,4,NA,1,NA,0,NA,0,NA,0,NA,0,NA,0,NA,0,NA,0,NA,0,NA,0,NA,0,NA,0,NA,0,NA,0,NA,0,NA,0,NA,0,NA,0,NA,0,NA,0,NA,0,NA,0,NA,0,NA,0,NA,0,NA,0,NA,0,NA,0,NA,0,NA,0,NA,0,NA,0,NA,0,NA,0,NA
"93","25","cor",5,NA,3,NA,0,NA,0,NA,0,NA,0,NA,0,NA,0,NA,0,NA,0,NA,0,NA,0,NA,0,NA,0,NA,0,NA,0,NA,0,NA,0,NA,0,NA,0,NA,0,NA,0,NA,0,NA,0,NA,0,NA,0,NA,0,NA,0,NA,0,NA,0,NA,0,NA,0,NA,0,NA,0,NA,0,NA,0,NA,0,NA
"94","25","abz",2,NA,0,NA,0,NA,0,NA,0,NA,0,NA,0,NA,0,NA,0,NA,0,NA,0,NA,0,NA,0,NA,0,NA,0,NA,0,NA,0,NA,0,NA,0,NA,0,NA,0,NA,0,NA,0,NA,0,NA,0,NA,0,NA,0,NA,0,NA,0,NA,0,NA,0,NA,0,NA,0,NA,0,NA,0,NA,0,NA,0,NA
"95","25","cd",5,NA,4,NA,0,NA,0,NA,0,NA,0,NA,0,NA,0,NA,0,NA,0,NA,0,NA,0,NA,0,NA,0,NA,0,NA,0,NA,0,NA,0,NA,0,NA,0,NA,0,NA,0,NA,0,NA,0,NA,0,NA,0,NA,0,NA,0,NA,0,NA,0,NA,0,NA,0,NA,0,NA,0,NA,0,NA,0,NA,0,NA
"96","25","mmu",5,NA,5,NA,5,NA,0,NA,0,NA,0,NA,0,NA,0,NA,0,NA,0,NA,0,NA,0,NA,0,NA,0,NA,0,NA,0,NA,0,NA,0,NA,0,NA,0,NA,0,NA,0,NA,0,NA,0,NA,0,NA,0,NA,0,NA,0,NA,0,NA,0,NA,0,NA,0,NA,0,NA,0,NA,0,NA,0,NA,0,NA
"97","25","psd",5,NA,3,NA,3,NA,0,NA,0,NA,0,NA,0,NA,0,NA,0,NA,0,NA,0,NA,0,NA,0,NA,0,NA,0,NA,0,NA,0,NA,0,NA,0,NA,0,NA,0,NA,0,NA,0,NA,0,NA,0,NA,0,NA,0,NA,0,NA,0,NA,0,NA,0,NA,0,NA,0,NA,0,NA,0,NA,0,NA,0,NA
"98","25","uva",5,NA,5,NA,0,NA,0,NA,0,NA,0,NA,0,NA,0,NA,0,NA,0,NA,0,NA,0,NA,0,NA,0,NA,0,NA,0,NA,0,NA,0,NA,0,NA,0,NA,0,NA,0,NA,0,NA,0,NA,0,NA,0,NA,0,NA,0,NA,0,NA,0,NA,0,NA,0,NA,0,NA,0,NA,0,NA,0,NA,0,NA
"99","25","pol",5,NA,0,NA,0,NA,0,NA,0,NA,0,NA,0,NA,0,NA,0,NA,0,NA,0,NA,0,NA,0,NA,0,NA,0,NA,0,NA,0,NA,0,NA,0,NA,0,NA,0,NA,0,NA,0,NA,0,NA,0,NA,0,NA,0,NA,0,NA,0,NA,0,NA,0,NA,0,NA,0,NA,0,NA,0,NA,0,NA,0,NA
"100","25","dio",5,NA,3,NA,0,NA,0,NA,0,NA,0,NA,0,NA,0,NA,0,NA,0,NA,0,NA,0,NA,0,NA,0,NA,0,NA,0,NA,0,NA,0,NA,0,NA,0,NA,0,NA,0,NA,0,NA,0,NA,0,NA,0,NA,0,NA,0,NA,0,NA,0,NA,0,NA,0,NA,0,NA,0,NA,0,NA,0,NA,0,NA
"101","25","cor",5,NA,5,NA,5,NA,5,NA,5,NA,5,NA,5,NA,5,NA,5,NA,5,NA,5,NA,5,NA,5,NA,5,NA,5,NA,5,NA,5,NA,5,NA,5,NA,5,NA,5,NA,5,NA,5,NA,5,NA,5,NA,5,NA,5,NA,5,NA,5,NA,5,NA,5,NA,5,NA,5,NA,5,NA,5,NA,5,NA,5,NA
"102","25","abz",5,NA,5,NA,5,NA,5,NA,5,NA,4,NA,4,NA,4,NA,4,NA,4,NA,4,NA,4,NA,4,NA,4,NA,4,NA,4,NA,4,NA,4,NA,4,NA,4,NA,4,NA,4,NA,4,NA,4,NA,4,NA,4,NA,4,NA,4,NA,4,NA,4,NA,4,NA,4,NA,4,NA,4,NA,4,NA,4,NA,4,NA
"103","25","cd",5,NA,5,NA,0,NA,0,NA,0,NA,0,NA,0,NA,0,NA,0,NA,0,NA,0,NA,0,NA,0,NA,0,NA,0,NA,0,NA,0,NA,0,NA,0,NA,0,NA,0,NA,0,NA,0,NA,0,NA,0,NA,0,NA,0,NA,0,NA,0,NA,0,NA,0,NA,0,NA,0,NA,0,NA,0,NA,0,NA,0,NA
"104","25","mmu",5,NA,4,NA,0,NA,0,NA,0,NA,0,NA,0,NA,0,NA,0,NA,0,NA,0,NA,0,NA,0,NA,0,NA,0,NA,0,NA,0,NA,0,NA,0,NA,0,NA,0,NA,0,NA,0,NA,0,NA,0,NA,0,NA,0,NA,0,NA,0,NA,0,NA,0,NA,0,NA,0,NA,0,NA,0,NA,0,NA,0,NA
"105","25","psd",5,NA,4,NA,4,NA,3,NA,3,NA,3,NA,3,NA,3,NA,2,NA,2,NA,2,NA,2,NA,2,NA,2,NA,2,NA,2,NA,2,NA,2,NA,2,NA,2,NA,2,NA,2,NA,2,NA,2,NA,2,NA,2,NA,2,NA,2,NA,2,NA,2,NA,2,NA,2,NA,2,NA,2,NA,2,NA,2,NA,2,NA
"106","25","uva",5,NA,4,NA,4,NA,4,NA,3,NA,3,NA,3,NA,3,NA,3,NA,3,NA,3,NA,3,NA,0,NA,0,NA,0,NA,0,NA,0,NA,0,NA,0,NA,0,NA,0,NA,0,NA,0,NA,0,NA,0,NA,0,NA,0,NA,0,NA,0,NA,0,NA,0,NA,0,NA,0,NA,0,NA,0,NA,0,NA,0,NA
"107","25","pol",4,NA,4,NA,0,NA,0,NA,0,NA,0,NA,0,NA,0,NA,0,NA,0,NA,0,NA,0,NA,0,NA,0,NA,0,NA,0,NA,0,NA,0,NA,0,NA,0,NA,0,NA,0,NA,0,NA,0,NA,0,NA,0,NA,0,NA,0,NA,0,NA,0,NA,0,NA,0,NA,0,NA,0,NA,0,NA,0,NA,0,NA
"108","25","dio",5,NA,5,NA,5,NA,5,NA,5,NA,5,NA,5,NA,4,NA,2,NA,2,NA,2,NA,2,NA,2,NA,2,NA,2,NA,2,NA,2,NA,2,NA,0,NA,0,NA,0,NA,0,NA,0,NA,0,NA,0,NA,0,NA,0,NA,0,NA,0,NA,0,NA,0,NA,0,NA,0,NA,0,NA,0,NA,0,NA,0,NA
"109","25","cor",5,NA,5,NA,5,NA,5,NA,5,NA,5,NA,5,NA,5,NA,5,NA,5,NA,5,NA,5,NA,5,NA,5,NA,5,NA,5,NA,5,NA,5,NA,5,NA,5,NA,5,NA,5,NA,5,NA,5,NA,5,NA,5,NA,5,NA,5,NA,5,NA,5,NA,5,NA,5,NA,5,NA,5,NA,5,NA,5,NA,5,NA
"110","25","abz",5,NA,5,NA,1,NA,1,NA,0,NA,0,NA,0,NA,0,NA,0,NA,0,NA,0,NA,0,NA,0,NA,0,NA,0,NA,0,NA,0,NA,0,NA,0,NA,0,NA,0,NA,0,NA,0,NA,0,NA,0,NA,0,NA,0,NA,0,NA,0,NA,0,NA,0,NA,0,NA,0,NA,0,NA,0,NA,0,NA,0,NA
"111","25","cd",5,NA,5,NA,5,NA,5,NA,5,NA,5,NA,4,NA,4,NA,4,NA,4,NA,4,NA,4,NA,4,NA,4,NA,4,NA,4,NA,4,NA,4,NA,3,NA,2,NA,2,NA,2,NA,2,NA,2,NA,2,NA,2,NA,2,NA,2,NA,2,NA,2,NA,2,NA,2,NA,2,NA,2,NA,2,NA,2,NA,2,NA
"112","25","mmu",5,NA,5,NA,5,NA,5,NA,5,NA,5,NA,5,NA,0,NA,0,NA,0,NA,0,NA,0,NA,0,NA,0,NA,0,NA,0,NA,0,NA,0,NA,0,NA,0,NA,0,NA,0,NA,0,NA,0,NA,0,NA,0,NA,0,NA,0,NA,0,NA,0,NA,0,NA,0,NA,0,NA,0,NA,0,NA,0,NA,0,NA
"113","25","psd",4,NA,4,NA,4,NA,4,NA,4,NA,4,NA,4,NA,3,NA,2,NA,2,NA,2,NA,2,NA,2,NA,2,NA,2,NA,2,NA,2,NA,2,NA,2,NA,2,NA,2,NA,2,NA,2,NA,2,NA,2,NA,2,NA,2,NA,2,NA,2,NA,2,NA,2,NA,2,NA,2,NA,2,NA,2,NA,2,NA,2,NA
"114","25","uva",5,NA,5,NA,5,NA,5,NA,5,NA,5,NA,5,NA,5,NA,5,NA,5,NA,5,NA,5,NA,5,NA,5,NA,5,NA,5,NA,5,NA,5,NA,5,NA,5,NA,5,NA,5,NA,5,NA,5,NA,5,NA,5,NA,5,NA,5,NA,5,NA,5,NA,5,NA,5,NA,5,NA,5,NA,5,NA,5,NA,5,NA
"115","25","pol",5,NA,5,NA,5,NA,5,NA,1,NA,1,NA,0,NA,0,NA,0,NA,0,NA,0,NA,0,NA,0,NA,0,NA,0,NA,0,NA,0,NA,0,NA,0,NA,0,NA,0,NA,0,NA,0,NA,0,NA,0,NA,0,NA,0,NA,0,NA,0,NA,0,NA,0,NA,0,NA,0,NA,0,NA,0,NA,0,NA,0,NA
"116","25","dio",5,NA,5,NA,5,NA,4,NA,4,NA,3,NA,3,NA,2,NA,2,NA,2,NA,0,NA,0,NA,0,NA,0,NA,0,NA,0,NA,0,NA,0,NA,0,NA,0,NA,0,NA,0,NA,0,NA,0,NA,0,NA,0,NA,0,NA,0,NA,0,NA,0,NA,0,NA,0,NA,0,NA,0,NA,0,NA,0,NA,0,NA
"117","25","cor",5,NA,5,NA,0,NA,0,NA,0,NA,0,NA,0,NA,0,NA,0,NA,0,NA,0,NA,0,NA,0,NA,0,NA,0,NA,0,NA,0,NA,0,NA,0,NA,0,NA,0,NA,0,NA,0,NA,0,NA,0,NA,0,NA,0,NA,0,NA,0,NA,0,NA,0,NA,0,NA,0,NA,0,NA,0,NA,0,NA,0,NA
"118","25","abz",5,NA,5,NA,5,NA,4,NA,1,NA,0,NA,0,NA,0,NA,0,NA,0,NA,0,NA,0,NA,0,NA,0,NA,0,NA,0,NA,0,NA,0,NA,0,NA,0,NA,0,NA,0,NA,0,NA,0,NA,0,NA,0,NA,0,NA,0,NA,0,NA,0,NA,0,NA,0,NA,0,NA,0,NA,0,NA,0,NA,0,NA
"119","25","cd",5,NA,5,NA,5,NA,0,NA,0,NA,0,NA,0,NA,0,NA,0,NA,0,NA,0,NA,0,NA,0,NA,0,NA,0,NA,0,NA,0,NA,0,NA,0,NA,0,NA,0,NA,0,NA,0,NA,0,NA,0,NA,0,NA,0,NA,0,NA,0,NA,0,NA,0,NA,0,NA,0,NA,0,NA,0,NA,0,NA,0,NA
"120","25","mmu",5,NA,4,NA,3,NA,1,NA,1,NA,0,NA,0,NA,0,NA,0,NA,0,NA,0,NA,0,NA,0,NA,0,NA,0,NA,0,NA,0,NA,0,NA,0,NA,0,NA,0,NA,0,NA,0,NA,0,NA,0,NA,0,NA,0,NA,0,NA,0,NA,0,NA,0,NA,0,NA,0,NA,0,NA,0,NA,0,NA,0,NA
"121","25","psd",4,NA,4,NA,0,NA,0,NA,0,NA,0,NA,0,NA,0,NA,0,NA,0,NA,0,NA,0,NA,0,NA,0,NA,0,NA,0,NA,0,NA,0,NA,0,NA,0,NA,0,NA,0,NA,0,NA,0,NA,0,NA,0,NA,0,NA,0,NA,0,NA,0,NA,0,NA,0,NA,0,NA,0,NA,0,NA,0,NA,0,NA
"122","25","uva",5,NA,5,NA,5,NA,5,NA,5,NA,5,NA,5,NA,5,NA,5,NA,5,NA,5,NA,5,NA,5,NA,5,NA,5,NA,5,NA,5,NA,5,NA,5,NA,5,NA,5,NA,5,NA,5,NA,5,NA,5,NA,5,NA,5,NA,5,NA,5,NA,5,NA,5,NA,5,NA,5,NA,5,NA,5,NA,5,NA,5,NA
"123","25","pol",3,NA,2,NA,2,NA,2,NA,2,NA,2,NA,2,NA,2,NA,2,NA,2,NA,0,NA,0,NA,0,NA,0,NA,0,NA,0,NA,0,NA,0,NA,0,NA,0,NA,0,NA,0,NA,0,NA,0,NA,0,NA,0,NA,0,NA,0,NA,0,NA,0,NA,0,NA,0,NA,0,NA,0,NA,0,NA,0,NA,0,NA
"124","25","dio",5,NA,5,NA,4,NA,2,NA,2,NA,2,NA,2,NA,2,NA,2,NA,2,NA,2,NA,2,NA,2,NA,2,NA,2,NA,2,NA,2,NA,2,NA,2,NA,2,NA,2,NA,2,NA,2,NA,2,NA,2,NA,2,NA,2,NA,2,NA,2,NA,2,NA,2,NA,2,NA,2,NA,2,NA,2,NA,2,NA,2,NA
"125","25","cor",5,NA,5,NA,4,NA,4,NA,3,NA,3,NA,3,NA,3,NA,3,NA,3,NA,3,NA,3,NA,3,NA,3,NA,3,NA,3,NA,3,NA,3,NA,3,NA,3,NA,3,NA,3,NA,3,NA,3,NA,3,NA,3,NA,3,NA,3,NA,3,NA,3,NA,3,NA,3,NA,3,NA,3,NA,3,NA,3,NA,3,NA
"126","25","abz",5,NA,5,NA,5,NA,0,NA,0,NA,0,NA,0,NA,0,NA,0,NA,0,NA,0,NA,0,NA,0,NA,0,NA,0,NA,0,NA,0,NA,0,NA,0,NA,0,NA,0,NA,0,NA,0,NA,0,NA,0,NA,0,NA,0,NA,0,NA,0,NA,0,NA,0,NA,0,NA,0,NA,0,NA,0,NA,0,NA,0,NA
"127","25","cd",0,NA,0,NA,0,NA,0,NA,0,NA,0,NA,0,NA,0,NA,0,NA,0,NA,0,NA,0,NA,0,NA,0,NA,0,NA,0,NA,0,NA,0,NA,0,NA,0,NA,0,NA,0,NA,0,NA,0,NA,0,NA,0,NA,0,NA,0,NA,0,NA,0,NA,0,NA,0,NA,0,NA,0,NA,0,NA,0,NA,0,NA
"128","25","mmu",5,NA,5,NA,5,NA,0,NA,0,NA,0,NA,0,NA,0,NA,0,NA,0,NA,0,NA,0,NA,0,NA,0,NA,0,NA,0,NA,0,NA,0,NA,0,NA,0,NA,0,NA,0,NA,0,NA,0,NA,0,NA,0,NA,0,NA,0,NA,0,NA,0,NA,0,NA,0,NA,0,NA,0,NA,0,NA,0,NA,0,NA
"129","25","psd",5,NA,5,NA,5,NA,4,NA,4,NA,4,NA,4,NA,4,NA,4,NA,4,NA,4,NA,4,NA,4,NA,4,NA,4,NA,4,NA,4,NA,4,NA,4,NA,4,NA,4,NA,4,NA,4,NA,4,NA,4,NA,4,NA,4,NA,4,NA,4,NA,4,NA,4,NA,4,NA,4,NA,4,NA,4,NA,4,NA,4,NA
"130","25","uva",5,NA,5,NA,5,NA,0,NA,0,NA,0,NA,0,NA,0,NA,0,NA,0,NA,0,NA,0,NA,0,NA,0,NA,0,NA,0,NA,0,NA,0,NA,0,NA,0,NA,0,NA,0,NA,0,NA,0,NA,0,NA,0,NA,0,NA,0,NA,0,NA,0,NA,0,NA,0,NA,0,NA,0,NA,0,NA,0,NA,0,NA
"131","25","pol",5,NA,4,NA,3,NA,0,NA,0,NA,0,NA,0,NA,0,NA,0,NA,0,NA,0,NA,0,NA,0,NA,0,NA,0,NA,0,NA,0,NA,0,NA,0,NA,0,NA,0,NA,0,NA,0,NA,0,NA,0,NA,0,NA,0,NA,0,NA,0,NA,0,NA,0,NA,0,NA,0,NA,0,NA,0,NA,0,NA,0,NA
"132","25","dio",5,NA,5,NA,5,NA,5,NA,5,NA,5,NA,0,NA,0,NA,0,NA,0,NA,0,NA,0,NA,0,NA,0,NA,0,NA,0,NA,0,NA,0,NA,0,NA,0,NA,0,NA,0,NA,0,NA,0,NA,0,NA,0,NA,0,NA,0,NA,0,NA,0,NA,0,NA,0,NA,0,NA,0,NA,0,NA,0,NA,0,NA
"133","25","cor",5,NA,5,NA,5,NA,5,NA,5,NA,5,NA,5,NA,1,NA,0,NA,0,NA,0,NA,0,NA,0,NA,0,NA,0,NA,0,NA,0,NA,0,NA,0,NA,0,NA,0,NA,0,NA,0,NA,0,NA,0,NA,0,NA,0,NA,0,NA,0,NA,0,NA,0,NA,0,NA,0,NA,0,NA,0,NA,0,NA,0,NA
"134","25","abz",5,NA,5,NA,5,NA,0,NA,0,NA,0,NA,0,NA,0,NA,0,NA,0,NA,0,NA,0,NA,0,NA,0,NA,0,NA,0,NA,0,NA,0,NA,0,NA,0,NA,0,NA,0,NA,0,NA,0,NA,0,NA,0,NA,0,NA,0,NA,0,NA,0,NA,0,NA,0,NA,0,NA,0,NA,0,NA,0,NA,0,NA
"135","25","cd",5,NA,0,NA,0,NA,0,NA,0,NA,0,NA,0,NA,0,NA,0,NA,0,NA,0,NA,0,NA,0,NA,0,NA,0,NA,0,NA,0,NA,0,NA,0,NA,0,NA,0,NA,0,NA,0,NA,0,NA,0,NA,0,NA,0,NA,0,NA,0,NA,0,NA,0,NA,0,NA,0,NA,0,NA,0,NA,0,NA,0,NA
"136","25","mmu",5,NA,5,NA,5,NA,5,NA,4,NA,2,NA,0,NA,0,NA,0,NA,0,NA,0,NA,0,NA,0,NA,0,NA,0,NA,0,NA,0,NA,0,NA,0,NA,0,NA,0,NA,0,NA,0,NA,0,NA,0,NA,0,NA,0,NA,0,NA,0,NA,0,NA,0,NA,0,NA,0,NA,0,NA,0,NA,0,NA,0,NA
"137","25","psd",5,NA,5,NA,5,NA,5,NA,5,NA,5,NA,5,NA,5,NA,5,NA,0,NA,0,NA,0,NA,0,NA,0,NA,0,NA,0,NA,0,NA,0,NA,0,NA,0,NA,0,NA,0,NA,0,NA,0,NA,0,NA,0,NA,0,NA,0,NA,0,NA,0,NA,0,NA,0,NA,0,NA,0,NA,0,NA,0,NA,0,NA
"138","25","uva",5,NA,5,NA,5,NA,5,NA,5,NA,5,NA,5,NA,5,NA,5,NA,5,NA,5,NA,5,NA,5,NA,5,NA,5,NA,5,NA,5,NA,5,NA,5,NA,5,NA,5,NA,5,NA,5,NA,5,NA,5,NA,5,NA,5,NA,5,NA,5,NA,5,NA,5,NA,5,NA,5,NA,5,NA,5,NA,5,NA,5,NA
"139","25","pol",5,NA,0,NA,0,NA,0,NA,0,NA,0,NA,0,NA,0,NA,0,NA,0,NA,0,NA,0,NA,0,NA,0,NA,0,NA,0,NA,0,NA,0,NA,0,NA,0,NA,0,NA,0,NA,0,NA,0,NA,0,NA,0,NA,0,NA,0,NA,0,NA,0,NA,0,NA,0,NA,0,NA,0,NA,0,NA,0,NA,0,NA
"140","25","dio",5,NA,5,NA,5,NA,5,NA,5,NA,5,NA,5,NA,5,NA,5,NA,5,NA,5,NA,5,NA,5,NA,5,NA,5,NA,5,NA,5,NA,5,NA,4,NA,4,NA,4,NA,4,NA,4,NA,4,NA,4,NA,4,NA,4,NA,4,NA,4,NA,4,NA,4,NA,4,NA,4,NA,4,NA,4,NA,4,NA,4,NA
"141","25","cor",5,NA,3,NA,3,NA,3,NA,3,NA,3,NA,3,NA,3,NA,3,NA,3,NA,0,NA,0,NA,0,NA,0,NA,0,NA,0,NA,0,NA,0,NA,0,NA,0,NA,0,NA,0,NA,0,NA,0,NA,0,NA,0,NA,0,NA,0,NA,0,NA,0,NA,0,NA,0,NA,0,NA,0,NA,0,NA,0,NA,0,NA
"142","25","abz",5,NA,5,NA,0,NA,0,NA,0,NA,0,NA,0,NA,0,NA,0,NA,0,NA,0,NA,0,NA,0,NA,0,NA,0,NA,0,NA,0,NA,0,NA,0,NA,0,NA,0,NA,0,NA,0,NA,0,NA,0,NA,0,NA,0,NA,0,NA,0,NA,0,NA,0,NA,0,NA,0,NA,0,NA,0,NA,0,NA,0,NA
"143","25","cd",0,NA,0,NA,0,NA,0,NA,0,NA,0,NA,0,NA,0,NA,0,NA,0,NA,0,NA,0,NA,0,NA,0,NA,0,NA,0,NA,0,NA,0,NA,0,NA,0,NA,0,NA,0,NA,0,NA,0,NA,0,NA,0,NA,0,NA,0,NA,0,NA,0,NA,0,NA,0,NA,0,NA,0,NA,0,NA,0,NA,0,NA
"144","25","mmu",5,NA,0,NA,0,NA,0,NA,0,NA,0,NA,0,NA,0,NA,0,NA,0,NA,0,NA,0,NA,0,NA,0,NA,0,NA,0,NA,0,NA,0,NA,0,NA,0,NA,0,NA,0,NA,0,NA,0,NA,0,NA,0,NA,0,NA,0,NA,0,NA,0,NA,0,NA,0,NA,0,NA,0,NA,0,NA,0,NA,0,NA
"145","25","psd",5,NA,3,NA,3,NA,3,NA,3,NA,3,NA,3,NA,3,NA,3,NA,3,NA,3,NA,3,NA,3,NA,3,NA,3,NA,3,NA,3,NA,3,NA,2,NA,2,NA,2,NA,2,NA,2,NA,2,NA,2,NA,2,NA,2,NA,2,NA,2,NA,2,NA,2,NA,2,NA,2,NA,2,NA,2,NA,2,NA,2,NA
"146","25","uva",5,NA,2,NA,1,NA,1,NA,1,NA,1,NA,1,NA,1,NA,1,NA,1,NA,1,NA,1,NA,1,NA,1,NA,1,NA,1,NA,1,NA,1,NA,1,NA,1,NA,1,NA,1,NA,1,NA,1,NA,1,NA,1,NA,1,NA,1,NA,1,NA,1,NA,NA,NA,0,NA,0,NA,0,NA,0,NA,0,NA,0,NA
"147","25","pol",5,NA,0,NA,0,NA,0,NA,0,NA,0,NA,0,NA,0,NA,0,NA,0,NA,0,NA,0,NA,0,NA,0,NA,0,NA,0,NA,0,NA,0,NA,0,NA,0,NA,0,NA,0,NA,0,NA,0,NA,0,NA,0,NA,0,NA,0,NA,0,NA,0,NA,0,NA,0,NA,0,NA,0,NA,0,NA,0,NA,0,NA
"148","25","dio",5,NA,5,NA,5,NA,5,NA,5,NA,5,NA,5,NA,5,NA,5,NA,5,NA,5,NA,5,NA,5,NA,5,NA,5,NA,5,NA,5,NA,5,NA,5,NA,5,NA,5,NA,5,NA,5,NA,5,NA,5,NA,5,NA,5,NA,5,NA,5,NA,5,NA,5,NA,5,NA,5,NA,5,NA,5,NA,5,NA,5,NA
"149","25","cor",5,NA,5,NA,5,NA,5,NA,5,NA,5,NA,5,NA,5,NA,5,NA,5,NA,5,NA,5,NA,0,NA,0,NA,0,NA,0,NA,0,NA,0,NA,0,NA,0,NA,0,NA,0,NA,0,NA,0,NA,0,NA,0,NA,0,NA,0,NA,0,NA,0,NA,0,NA,0,NA,0,NA,0,NA,0,NA,0,NA,0,NA
"150","25","abz",4,NA,4,NA,4,NA,4,NA,1,NA,1,NA,1,NA,1,NA,1,NA,1,NA,1,NA,1,NA,1,NA,1,NA,1,NA,1,NA,1,NA,1,NA,1,NA,1,NA,1,NA,1,NA,1,NA,1,NA,1,NA,1,NA,1,NA,1,NA,1,NA,1,NA,1,NA,1,NA,1,NA,1,NA,1,NA,1,NA,NA,NA
"151","25","cd",5,NA,5,NA,5,NA,3,NA,3,NA,3,NA,3,NA,3,NA,3,NA,3,NA,3,NA,3,NA,3,NA,3,NA,3,NA,3,NA,3,NA,3,NA,3,NA,3,NA,3,NA,3,NA,3,NA,3,NA,3,NA,3,NA,3,NA,3,NA,3,NA,3,NA,3,NA,3,NA,3,NA,3,NA,3,NA,3,NA,3,NA
"152","25","mmu",5,NA,5,NA,5,NA,5,NA,5,NA,4,NA,4,NA,4,NA,4,NA,4,NA,4,NA,4,NA,4,NA,4,NA,4,NA,4,NA,4,NA,4,NA,4,NA,4,NA,4,NA,3,NA,3,NA,3,NA,3,NA,3,NA,3,NA,3,NA,3,NA,3,NA,3,NA,3,NA,3,NA,3,NA,3,NA,3,NA,3,NA
"153","25","psd",5,NA,5,NA,5,NA,5,NA,4,NA,4,NA,4,NA,4,NA,4,NA,4,NA,4,NA,4,NA,4,NA,4,NA,4,NA,4,NA,4,NA,4,NA,4,NA,4,NA,4,NA,4,NA,4,NA,3,NA,3,NA,3,NA,3,NA,3,NA,3,NA,3,NA,3,NA,3,NA,3,NA,3,NA,3,NA,3,NA,3,NA
"154","25","uva",4,NA,4,NA,4,NA,4,NA,4,NA,3,NA,3,NA,3,NA,3,NA,3,NA,3,NA,3,NA,3,NA,3,NA,3,NA,3,NA,3,NA,3,NA,3,NA,3,NA,3,NA,3,NA,3,NA,3,NA,3,NA,3,NA,3,NA,3,NA,3,NA,3,NA,3,NA,3,NA,3,NA,3,NA,3,NA,3,NA,3,NA
"155","25","pol",5,NA,5,NA,3,NA,3,NA,3,NA,3,NA,3,NA,3,NA,3,NA,3,NA,1,NA,1,NA,1,NA,1,NA,1,NA,1,NA,1,NA,1,NA,1,NA,1,NA,1,NA,1,NA,1,NA,1,NA,1,NA,1,NA,1,NA,1,NA,1,NA,1,NA,1,NA,1,NA,1,NA,1,NA,1,NA,1,NA,1,NA
"156","25","dio",5,NA,5,NA,5,NA,5,NA,5,NA,5,NA,5,NA,5,NA,5,NA,5,NA,5,NA,5,NA,5,NA,5,NA,5,NA,5,NA,5,NA,5,NA,0,NA,0,NA,0,NA,0,NA,0,NA,0,NA,0,NA,0,NA,0,NA,0,NA,0,NA,0,NA,0,NA,0,NA,0,NA,0,NA,0,NA,0,NA,0,NA
"157","25","cor",5,NA,5,NA,5,NA,5,NA,4,NA,4,NA,4,NA,4,NA,4,NA,4,NA,4,NA,4,NA,4,NA,4,NA,4,NA,4,NA,4,NA,4,NA,4,NA,4,NA,4,NA,4,NA,4,NA,4,NA,4,NA,4,NA,4,NA,4,NA,4,NA,4,NA,4,NA,4,NA,4,NA,4,NA,4,NA,4,NA,4,NA
"158","25","abz",5,NA,5,NA,5,NA,5,NA,5,NA,3,NA,3,NA,3,NA,3,NA,3,NA,3,NA,3,NA,3,NA,3,NA,3,NA,3,NA,3,NA,1,NA,1,NA,1,NA,1,NA,1,NA,1,NA,1,NA,1,NA,1,NA,1,NA,1,NA,1,NA,1,NA,1,NA,1,NA,1,NA,1,NA,1,NA,1,NA,1,NA
"159","25","cd",5,NA,4,NA,4,NA,4,NA,1,NA,0,NA,0,NA,0,NA,0,NA,0,NA,0,NA,0,NA,0,NA,0,NA,0,NA,0,NA,0,NA,0,NA,0,NA,0,NA,0,NA,0,NA,0,NA,0,NA,0,NA,0,NA,0,NA,0,NA,0,NA,0,NA,0,NA,0,NA,0,NA,0,NA,0,NA,0,NA,0,NA
"160","25","mmu",5,NA,5,NA,5,NA,5,NA,5,NA,5,NA,5,NA,5,NA,5,NA,5,NA,5,NA,5,NA,5,NA,5,NA,5,NA,5,NA,5,NA,5,NA,5,NA,5,NA,5,NA,5,NA,5,NA,5,NA,5,NA,5,NA,5,NA,5,NA,5,NA,5,NA,5,NA,5,NA,5,NA,5,NA,5,NA,5,NA,5,NA
"1","10","psd",NA,5,NA,5,NA,5,NA,5,NA,0,NA,0,NA,0,NA,0,NA,0,NA,0,NA,0,NA,0,NA,0,NA,0,NA,0,NA,0,NA,0,NA,0,NA,0,NA,0,NA,0,NA,0,NA,0,NA,0,NA,0,NA,0,NA,0,NA,0,NA,0,NA,0,NA,0,NA,0,NA,0,NA,0,NA,0,NA,0,NA,0
"2","10","uva",NA,5,NA,5,NA,5,NA,5,NA,5,NA,5,NA,5,NA,5,NA,5,NA,5,NA,5,NA,5,NA,5,NA,5,NA,5,NA,5,NA,5,NA,5,NA,5,NA,5,NA,5,NA,5,NA,5,NA,5,NA,5,NA,5,NA,5,NA,5,NA,5,NA,5,NA,5,NA,5,NA,5,NA,5,NA,5,NA,5,NA,5
"3","10","pol",NA,5,NA,5,NA,3,NA,3,NA,1,NA,0,NA,0,NA,0,NA,0,NA,0,NA,0,NA,0,NA,0,NA,0,NA,0,NA,0,NA,0,NA,0,NA,0,NA,0,NA,0,NA,0,NA,0,NA,0,NA,0,NA,0,NA,0,NA,0,NA,0,NA,0,NA,0,NA,0,NA,0,NA,0,NA,0,NA,0,NA,0
"4","10","dio",NA,5,NA,3,NA,3,NA,3,NA,3,NA,0,NA,0,NA,0,NA,0,NA,0,NA,0,NA,0,NA,0,NA,0,NA,0,NA,0,NA,0,NA,0,NA,0,NA,0,NA,0,NA,0,NA,0,NA,0,NA,0,NA,0,NA,0,NA,0,NA,0,NA,0,NA,0,NA,0,NA,0,NA,0,NA,0,NA,0,NA,0
"5","10","cor",NA,4,NA,4,NA,4,NA,4,NA,3,NA,3,NA,3,NA,3,NA,3,NA,3,NA,3,NA,3,NA,3,NA,3,NA,3,NA,3,NA,3,NA,3,NA,2,NA,2,NA,2,NA,2,NA,2,NA,2,NA,2,NA,2,NA,2,NA,2,NA,2,NA,2,NA,2,NA,2,NA,2,NA,2,NA,2,NA,2,NA,2
"6","10","abz",NA,5,NA,3,NA,0,NA,0,NA,0,NA,0,NA,0,NA,0,NA,0,NA,0,NA,0,NA,0,NA,0,NA,0,NA,0,NA,0,NA,0,NA,0,NA,0,NA,0,NA,0,NA,0,NA,0,NA,0,NA,0,NA,0,NA,0,NA,0,NA,0,NA,0,NA,0,NA,0,NA,0,NA,0,NA,0,NA,0,NA,0
"7","10","cd",NA,4,NA,4,NA,0,NA,0,NA,0,NA,0,NA,0,NA,0,NA,0,NA,0,NA,0,NA,0,NA,0,NA,0,NA,0,NA,0,NA,0,NA,0,NA,0,NA,0,NA,0,NA,0,NA,0,NA,0,NA,0,NA,0,NA,0,NA,0,NA,0,NA,0,NA,0,NA,0,NA,0,NA,0,NA,0,NA,0,NA,0
"8","10","mmu",NA,0,NA,0,NA,0,NA,0,NA,0,NA,0,NA,0,NA,0,NA,0,NA,0,NA,0,NA,0,NA,0,NA,0,NA,0,NA,0,NA,0,NA,0,NA,0,NA,0,NA,0,NA,0,NA,0,NA,0,NA,0,NA,0,NA,0,NA,0,NA,0,NA,0,NA,0,NA,0,NA,0,NA,0,NA,0,NA,0,NA,0
"9","10","psd",NA,5,NA,5,NA,5,NA,5,NA,5,NA,5,NA,3,NA,3,NA,3,NA,3,NA,3,NA,3,NA,3,NA,3,NA,3,NA,3,NA,3,NA,0,NA,0,NA,0,NA,0,NA,0,NA,0,NA,0,NA,0,NA,0,NA,0,NA,0,NA,0,NA,0,NA,0,NA,0,NA,0,NA,0,NA,0,NA,0,NA,0
"10","10","uva",NA,5,NA,5,NA,5,NA,4,NA,4,NA,4,NA,4,NA,4,NA,4,NA,4,NA,4,NA,4,NA,4,NA,4,NA,4,NA,4,NA,4,NA,4,NA,4,NA,4,NA,4,NA,4,NA,4,NA,4,NA,4,NA,4,NA,4,NA,4,NA,4,NA,4,NA,4,NA,4,NA,4,NA,4,NA,4,NA,4,NA,4
"11","10","pol",NA,0,NA,0,NA,0,NA,0,NA,0,NA,0,NA,0,NA,0,NA,0,NA,0,NA,0,NA,0,NA,0,NA,0,NA,0,NA,0,NA,0,NA,0,NA,0,NA,0,NA,0,NA,0,NA,0,NA,0,NA,0,NA,0,NA,0,NA,0,NA,0,NA,0,NA,0,NA,0,NA,0,NA,0,NA,0,NA,0,NA,0
"12","10","dio",NA,5,NA,4,NA,4,NA,4,NA,4,NA,4,NA,4,NA,4,NA,4,NA,4,NA,4,NA,4,NA,4,NA,4,NA,4,NA,4,NA,4,NA,4,NA,4,NA,4,NA,4,NA,4,NA,4,NA,4,NA,4,NA,4,NA,4,NA,4,NA,4,NA,4,NA,4,NA,4,NA,4,NA,4,NA,4,NA,4,NA,4
"13","10","cor",NA,5,NA,5,NA,5,NA,5,NA,5,NA,4,NA,4,NA,4,NA,4,NA,4,NA,4,NA,4,NA,4,NA,4,NA,4,NA,4,NA,4,NA,2,NA,2,NA,2,NA,2,NA,2,NA,2,NA,2,NA,2,NA,2,NA,2,NA,2,NA,2,NA,2,NA,2,NA,2,NA,2,NA,2,NA,2,NA,2,NA,2
"14","10","abz",NA,5,NA,4,NA,4,NA,1,NA,0,NA,0,NA,0,NA,0,NA,0,NA,0,NA,0,NA,0,NA,0,NA,0,NA,0,NA,0,NA,0,NA,0,NA,0,NA,0,NA,0,NA,0,NA,0,NA,0,NA,0,NA,0,NA,0,NA,0,NA,0,NA,0,NA,0,NA,0,NA,0,NA,0,NA,0,NA,0,NA,0
"15","10","cd",NA,5,NA,0,NA,0,NA,0,NA,0,NA,0,NA,0,NA,0,NA,0,NA,0,NA,0,NA,0,NA,0,NA,0,NA,0,NA,0,NA,0,NA,0,NA,0,NA,0,NA,0,NA,0,NA,0,NA,0,NA,0,NA,0,NA,0,NA,0,NA,0,NA,0,NA,0,NA,0,NA,0,NA,0,NA,0,NA,0,NA,0
"16","10","mmu",NA,5,NA,5,NA,5,NA,5,NA,5,NA,5,NA,5,NA,5,NA,5,NA,5,NA,5,NA,5,NA,5,NA,5,NA,5,NA,5,NA,5,NA,5,NA,4,NA,4,NA,4,NA,4,NA,4,NA,4,NA,4,NA,4,NA,4,NA,4,NA,4,NA,4,NA,4,NA,4,NA,4,NA,4,NA,4,NA,4,NA,4
"17","10","psd",NA,5,NA,5,NA,5,NA,5,NA,5,NA,5,NA,4,NA,4,NA,4,NA,4,NA,4,NA,4,NA,4,NA,4,NA,4,NA,4,NA,4,NA,4,NA,4,NA,4,NA,4,NA,4,NA,4,NA,4,NA,4,NA,4,NA,4,NA,4,NA,4,NA,4,NA,4,NA,4,NA,4,NA,4,NA,4,NA,4,NA,4
"18","10","uva",NA,5,NA,5,NA,5,NA,5,NA,5,NA,5,NA,5,NA,5,NA,5,NA,5,NA,5,NA,5,NA,5,NA,5,NA,5,NA,4,NA,4,NA,4,NA,4,NA,4,NA,0,NA,0,NA,0,NA,0,NA,0,NA,0,NA,0,NA,0,NA,0,NA,0,NA,0,NA,0,NA,0,NA,0,NA,0,NA,0,NA,0
"19","10","pol",NA,5,NA,5,NA,4,NA,4,NA,0,NA,0,NA,0,NA,0,NA,0,NA,0,NA,0,NA,0,NA,0,NA,0,NA,0,NA,0,NA,0,NA,0,NA,0,NA,0,NA,0,NA,0,NA,0,NA,0,NA,0,NA,0,NA,0,NA,0,NA,0,NA,0,NA,0,NA,0,NA,0,NA,0,NA,0,NA,0,NA,0
"20","10","dio",NA,5,NA,5,NA,5,NA,5,NA,5,NA,5,NA,5,NA,5,NA,5,NA,5,NA,5,NA,5,NA,5,NA,5,NA,5,NA,5,NA,5,NA,5,NA,5,NA,5,NA,5,NA,5,NA,5,NA,5,NA,5,NA,5,NA,5,NA,5,NA,5,NA,5,NA,5,NA,5,NA,5,NA,5,NA,5,NA,5,NA,5
"21","10","cor",NA,5,NA,5,NA,5,NA,5,NA,5,NA,5,NA,5,NA,5,NA,5,NA,5,NA,5,NA,5,NA,5,NA,5,NA,5,NA,5,NA,5,NA,5,NA,5,NA,5,NA,5,NA,5,NA,5,NA,5,NA,5,NA,5,NA,5,NA,5,NA,5,NA,5,NA,5,NA,5,NA,5,NA,5,NA,5,NA,5,NA,5
"22","10","abz",NA,5,NA,5,NA,4,NA,4,NA,0,NA,0,NA,0,NA,0,NA,0,NA,0,NA,0,NA,0,NA,0,NA,0,NA,0,NA,0,NA,0,NA,0,NA,0,NA,0,NA,0,NA,0,NA,0,NA,0,NA,0,NA,0,NA,0,NA,0,NA,0,NA,0,NA,0,NA,0,NA,0,NA,0,NA,0,NA,0,NA,0
"23","10","cd",NA,5,NA,5,NA,5,NA,5,NA,0,NA,0,NA,0,NA,0,NA,0,NA,0,NA,0,NA,0,NA,0,NA,0,NA,0,NA,0,NA,0,NA,0,NA,0,NA,0,NA,0,NA,0,NA,0,NA,0,NA,0,NA,0,NA,0,NA,0,NA,0,NA,0,NA,0,NA,0,NA,0,NA,0,NA,0,NA,0,NA,0
"24","10","mmu",NA,5,NA,5,NA,5,NA,5,NA,3,NA,3,NA,3,NA,3,NA,3,NA,3,NA,3,NA,3,NA,3,NA,3,NA,3,NA,3,NA,3,NA,3,NA,3,NA,3,NA,3,NA,3,NA,3,NA,3,NA,3,NA,3,NA,3,NA,3,NA,3,NA,3,NA,3,NA,3,NA,3,NA,3,NA,3,NA,3,NA,3
"25","10","psd",NA,5,NA,5,NA,5,NA,5,NA,0,NA,0,NA,0,NA,0,NA,0,NA,0,NA,0,NA,0,NA,0,NA,0,NA,0,NA,0,NA,0,NA,0,NA,0,NA,0,NA,0,NA,0,NA,0,NA,0,NA,0,NA,0,NA,0,NA,0,NA,0,NA,0,NA,0,NA,0,NA,0,NA,0,NA,0,NA,0,NA,0
"26","10","uva",NA,5,NA,5,NA,4,NA,4,NA,3,NA,3,NA,3,NA,3,NA,3,NA,3,NA,3,NA,3,NA,3,NA,3,NA,3,NA,3,NA,3,NA,3,NA,3,NA,3,NA,3,NA,3,NA,3,NA,3,NA,3,NA,3,NA,3,NA,3,NA,3,NA,3,NA,3,NA,3,NA,3,NA,3,NA,3,NA,3,NA,3
"27","10","pol",NA,3,NA,3,NA,3,NA,3,NA,3,NA,3,NA,3,NA,3,NA,0,NA,0,NA,0,NA,0,NA,0,NA,0,NA,0,NA,0,NA,0,NA,0,NA,0,NA,0,NA,0,NA,0,NA,0,NA,0,NA,0,NA,0,NA,0,NA,0,NA,0,NA,0,NA,0,NA,0,NA,0,NA,0,NA,0,NA,0,NA,0
"28","10","dio",NA,5,NA,5,NA,5,NA,5,NA,3,NA,0,NA,0,NA,0,NA,0,NA,0,NA,0,NA,0,NA,0,NA,0,NA,0,NA,0,NA,0,NA,0,NA,0,NA,0,NA,0,NA,0,NA,0,NA,0,NA,0,NA,0,NA,0,NA,0,NA,0,NA,0,NA,0,NA,0,NA,0,NA,0,NA,0,NA,0,NA,0
"29","10","cor",NA,5,NA,5,NA,5,NA,5,NA,5,NA,5,NA,5,NA,5,NA,2,NA,1,NA,1,NA,1,NA,0,NA,0,NA,0,NA,0,NA,0,NA,0,NA,0,NA,0,NA,0,NA,0,NA,0,NA,0,NA,0,NA,0,NA,0,NA,0,NA,0,NA,0,NA,0,NA,0,NA,0,NA,0,NA,0,NA,0,NA,0
"30","10","abz",NA,0,NA,0,NA,0,NA,0,NA,0,NA,0,NA,0,NA,0,NA,0,NA,0,NA,0,NA,0,NA,0,NA,0,NA,0,NA,0,NA,0,NA,0,NA,0,NA,0,NA,0,NA,0,NA,0,NA,0,NA,0,NA,0,NA,0,NA,0,NA,0,NA,0,NA,0,NA,0,NA,0,NA,0,NA,0,NA,0,NA,0
"31","10","cd",NA,0,NA,0,NA,0,NA,0,NA,0,NA,0,NA,0,NA,0,NA,0,NA,0,NA,0,NA,0,NA,0,NA,0,NA,0,NA,0,NA,0,NA,0,NA,0,NA,0,NA,0,NA,0,NA,0,NA,0,NA,0,NA,0,NA,0,NA,0,NA,0,NA,0,NA,0,NA,0,NA,0,NA,0,NA,0,NA,0,NA,0
"32","10","mmu",NA,5,NA,5,NA,5,NA,5,NA,4,NA,4,NA,4,NA,4,NA,4,NA,4,NA,4,NA,4,NA,4,NA,4,NA,4,NA,4,NA,4,NA,4,NA,4,NA,4,NA,4,NA,4,NA,4,NA,4,NA,3,NA,3,NA,3,NA,3,NA,3,NA,3,NA,3,NA,3,NA,3,NA,3,NA,3,NA,3,NA,3
"33","10","psd",NA,5,NA,5,NA,5,NA,0,NA,0,NA,0,NA,0,NA,0,NA,0,NA,0,NA,0,NA,0,NA,0,NA,0,NA,0,NA,0,NA,0,NA,0,NA,0,NA,0,NA,0,NA,0,NA,0,NA,0,NA,0,NA,0,NA,0,NA,0,NA,0,NA,0,NA,0,NA,0,NA,0,NA,0,NA,0,NA,0,NA,0
"34","10","uva",NA,5,NA,5,NA,5,NA,5,NA,0,NA,0,NA,0,NA,0,NA,0,NA,0,NA,0,NA,0,NA,0,NA,0,NA,0,NA,0,NA,0,NA,0,NA,0,NA,0,NA,0,NA,0,NA,0,NA,0,NA,0,NA,0,NA,0,NA,0,NA,0,NA,0,NA,0,NA,0,NA,0,NA,0,NA,0,NA,0,NA,0
"35","10","pol",NA,4,NA,4,NA,4,NA,4,NA,2,NA,2,NA,2,NA,2,NA,1,NA,1,NA,1,NA,1,NA,1,NA,1,NA,1,NA,1,NA,1,NA,1,NA,1,NA,1,NA,1,NA,1,NA,1,NA,1,NA,1,NA,1,NA,1,NA,1,NA,1,NA,1,NA,1,NA,1,NA,1,NA,1,NA,1,NA,1,NA,1
"36","10","dio",NA,5,NA,5,NA,5,NA,5,NA,5,NA,5,NA,0,NA,0,NA,0,NA,0,NA,0,NA,0,NA,0,NA,0,NA,0,NA,0,NA,0,NA,0,NA,0,NA,0,NA,0,NA,0,NA,0,NA,0,NA,0,NA,0,NA,0,NA,0,NA,0,NA,0,NA,0,NA,0,NA,0,NA,0,NA,0,NA,0,NA,0
"37","10","cor",NA,5,NA,5,NA,4,NA,0,NA,0,NA,0,NA,0,NA,0,NA,0,NA,0,NA,0,NA,0,NA,0,NA,0,NA,0,NA,0,NA,0,NA,0,NA,0,NA,0,NA,0,NA,0,NA,0,NA,0,NA,0,NA,0,NA,0,NA,0,NA,0,NA,0,NA,0,NA,0,NA,0,NA,0,NA,0,NA,0,NA,0
"38","10","abz",NA,1,NA,0,NA,0,NA,0,NA,0,NA,0,NA,0,NA,0,NA,0,NA,0,NA,0,NA,0,NA,0,NA,0,NA,0,NA,0,NA,0,NA,0,NA,0,NA,0,NA,0,NA,0,NA,0,NA,0,NA,0,NA,0,NA,0,NA,0,NA,0,NA,0,NA,0,NA,0,NA,0,NA,0,NA,0,NA,0,NA,0
"39","10","cd",NA,5,NA,5,NA,0,NA,0,NA,0,NA,0,NA,0,NA,0,NA,0,NA,0,NA,0,NA,0,NA,0,NA,0,NA,0,NA,0,NA,0,NA,0,NA,0,NA,0,NA,0,NA,0,NA,0,NA,0,NA,0,NA,0,NA,0,NA,0,NA,0,NA,0,NA,0,NA,0,NA,0,NA,0,NA,0,NA,0,NA,0
"40","10","mmu",NA,5,NA,5,NA,5,NA,5,NA,5,NA,5,NA,5,NA,5,NA,5,NA,5,NA,5,NA,1,NA,1,NA,1,NA,1,NA,1,NA,1,NA,1,NA,1,NA,1,NA,1,NA,1,NA,1,NA,1,NA,1,NA,1,NA,1,NA,1,NA,1,NA,1,NA,1,NA,1,NA,1,NA,1,NA,1,NA,1,NA,1
"41","10","psd",NA,5,NA,5,NA,5,NA,5,NA,5,NA,5,NA,5,NA,5,NA,5,NA,5,NA,5,NA,1,NA,1,NA,1,NA,1,NA,1,NA,1,NA,1,NA,0,NA,0,NA,0,NA,0,NA,0,NA,0,NA,0,NA,0,NA,0,NA,0,NA,0,NA,0,NA,0,NA,0,NA,0,NA,0,NA,0,NA,0,NA,0
"42","10","uva",NA,4,NA,4,NA,4,NA,4,NA,4,NA,4,NA,4,NA,4,NA,4,NA,4,NA,4,NA,4,NA,4,NA,4,NA,4,NA,4,NA,4,NA,4,NA,4,NA,4,NA,4,NA,4,NA,4,NA,4,NA,4,NA,4,NA,4,NA,4,NA,4,NA,4,NA,4,NA,4,NA,4,NA,4,NA,4,NA,4,NA,4
"43","10","pol",NA,0,NA,0,NA,0,NA,0,NA,0,NA,0,NA,0,NA,0,NA,0,NA,0,NA,0,NA,0,NA,0,NA,0,NA,0,NA,0,NA,0,NA,0,NA,0,NA,0,NA,0,NA,0,NA,0,NA,0,NA,0,NA,0,NA,0,NA,0,NA,0,NA,0,NA,0,NA,0,NA,0,NA,0,NA,0,NA,0,NA,0
"44","10","dio",NA,5,NA,0,NA,0,NA,0,NA,0,NA,0,NA,0,NA,0,NA,0,NA,0,NA,0,NA,0,NA,0,NA,0,NA,0,NA,0,NA,0,NA,0,NA,0,NA,0,NA,0,NA,0,NA,0,NA,0,NA,0,NA,0,NA,0,NA,0,NA,0,NA,0,NA,0,NA,0,NA,0,NA,0,NA,0,NA,0,NA,0
"45","10","cor",NA,5,NA,5,NA,1,NA,0,NA,0,NA,0,NA,0,NA,0,NA,0,NA,0,NA,0,NA,0,NA,0,NA,0,NA,0,NA,0,NA,0,NA,0,NA,0,NA,0,NA,0,NA,0,NA,0,NA,0,NA,0,NA,0,NA,0,NA,0,NA,0,NA,0,NA,0,NA,0,NA,0,NA,0,NA,0,NA,0,NA,0
"46","10","abz",NA,0,NA,0,NA,0,NA,0,NA,0,NA,0,NA,0,NA,0,NA,0,NA,0,NA,0,NA,0,NA,0,NA,0,NA,0,NA,0,NA,0,NA,0,NA,0,NA,0,NA,0,NA,0,NA,0,NA,0,NA,0,NA,0,NA,0,NA,0,NA,0,NA,0,NA,0,NA,0,NA,0,NA,0,NA,0,NA,0,NA,0
"47","10","cd",NA,0,NA,0,NA,0,NA,0,NA,0,NA,0,NA,0,NA,0,NA,0,NA,0,NA,0,NA,0,NA,0,NA,0,NA,0,NA,0,NA,0,NA,0,NA,0,NA,0,NA,0,NA,0,NA,0,NA,0,NA,0,NA,0,NA,0,NA,0,NA,0,NA,0,NA,0,NA,0,NA,0,NA,0,NA,0,NA,0,NA,0
"48","10","mmu",NA,0,NA,0,NA,0,NA,0,NA,0,NA,0,NA,0,NA,0,NA,0,NA,0,NA,0,NA,0,NA,0,NA,0,NA,0,NA,0,NA,0,NA,0,NA,0,NA,0,NA,0,NA,0,NA,0,NA,0,NA,0,NA,0,NA,0,NA,0,NA,0,NA,0,NA,0,NA,0,NA,0,NA,0,NA,0,NA,0,NA,0
"49","10","psd",NA,0,NA,0,NA,0,NA,0,NA,0,NA,0,NA,0,NA,0,NA,0,NA,0,NA,0,NA,0,NA,0,NA,0,NA,0,NA,0,NA,0,NA,0,NA,0,NA,0,NA,0,NA,0,NA,0,NA,0,NA,0,NA,0,NA,0,NA,0,NA,0,NA,0,NA,0,NA,0,NA,0,NA,0,NA,0,NA,0,NA,0
"50","10","uva",NA,1,NA,0,NA,0,NA,0,NA,0,NA,0,NA,0,NA,0,NA,0,NA,0,NA,0,NA,0,NA,0,NA,0,NA,0,NA,0,NA,0,NA,0,NA,0,NA,0,NA,0,NA,0,NA,0,NA,0,NA,0,NA,0,NA,0,NA,0,NA,0,NA,0,NA,0,NA,0,NA,0,NA,0,NA,0,NA,0,NA,0
"51","10","pol",NA,5,NA,5,NA,5,NA,5,NA,5,NA,5,NA,5,NA,5,NA,5,NA,5,NA,5,NA,1,NA,1,NA,1,NA,1,NA,1,NA,1,NA,1,NA,1,NA,1,NA,1,NA,1,NA,1,NA,1,NA,1,NA,1,NA,1,NA,1,NA,1,NA,1,NA,1,NA,1,NA,1,NA,1,NA,1,NA,1,NA,1
"52","10","dio",NA,5,NA,0,NA,0,NA,0,NA,0,NA,0,NA,0,NA,0,NA,0,NA,0,NA,0,NA,0,NA,0,NA,0,NA,0,NA,0,NA,0,NA,0,NA,0,NA,0,NA,0,NA,0,NA,0,NA,0,NA,0,NA,0,NA,0,NA,0,NA,0,NA,0,NA,0,NA,0,NA,0,NA,0,NA,0,NA,0,NA,0
"53","10","cor",NA,5,NA,4,NA,0,NA,0,NA,0,NA,0,NA,0,NA,0,NA,0,NA,0,NA,0,NA,0,NA,0,NA,0,NA,0,NA,0,NA,0,NA,0,NA,0,NA,0,NA,0,NA,0,NA,0,NA,0,NA,0,NA,0,NA,0,NA,0,NA,0,NA,0,NA,0,NA,0,NA,0,NA,0,NA,0,NA,0,NA,0
"54","10","abz",NA,5,NA,5,NA,5,NA,5,NA,5,NA,5,NA,5,NA,5,NA,5,NA,3,NA,3,NA,3,NA,3,NA,3,NA,3,NA,3,NA,3,NA,3,NA,3,NA,3,NA,3,NA,3,NA,3,NA,3,NA,3,NA,3,NA,3,NA,3,NA,3,NA,3,NA,3,NA,3,NA,3,NA,3,NA,3,NA,3,NA,3
"55","10","cd",NA,4,NA,0,NA,0,NA,0,NA,0,NA,0,NA,0,NA,0,NA,0,NA,0,NA,0,NA,0,NA,0,NA,0,NA,0,NA,0,NA,0,NA,0,NA,0,NA,0,NA,0,NA,0,NA,0,NA,0,NA,0,NA,0,NA,0,NA,0,NA,0,NA,0,NA,0,NA,0,NA,0,NA,0,NA,0,NA,0,NA,0
"56","10","mmu",NA,5,NA,0,NA,0,NA,0,NA,0,NA,0,NA,0,NA,0,NA,0,NA,0,NA,0,NA,0,NA,0,NA,0,NA,0,NA,0,NA,0,NA,0,NA,0,NA,0,NA,0,NA,0,NA,0,NA,0,NA,0,NA,0,NA,0,NA,0,NA,0,NA,0,NA,0,NA,0,NA,0,NA,0,NA,0,NA,0,NA,0
"57","10","psd",NA,5,NA,5,NA,1,NA,1,NA,0,NA,0,NA,0,NA,0,NA,0,NA,0,NA,0,NA,0,NA,0,NA,0,NA,0,NA,0,NA,0,NA,0,NA,0,NA,0,NA,0,NA,0,NA,0,NA,0,NA,0,NA,0,NA,0,NA,0,NA,0,NA,0,NA,0,NA,0,NA,0,NA,0,NA,0,NA,0,NA,0
"58","10","uva",NA,5,NA,0,NA,0,NA,0,NA,0,NA,0,NA,0,NA,0,NA,0,NA,0,NA,0,NA,0,NA,0,NA,0,NA,0,NA,0,NA,0,NA,0,NA,0,NA,0,NA,0,NA,0,NA,0,NA,0,NA,0,NA,0,NA,0,NA,0,NA,0,NA,0,NA,0,NA,0,NA,0,NA,0,NA,0,NA,0,NA,0
"59","10","pol",NA,0,NA,0,NA,0,NA,0,NA,0,NA,0,NA,0,NA,0,NA,0,NA,0,NA,0,NA,0,NA,0,NA,0,NA,0,NA,0,NA,0,NA,0,NA,0,NA,0,NA,0,NA,0,NA,0,NA,0,NA,0,NA,0,NA,0,NA,0,NA,0,NA,0,NA,0,NA,0,NA,0,NA,0,NA,0,NA,0,NA,0
"60","10","dio",NA,5,NA,0,NA,0,NA,0,NA,0,NA,0,NA,0,NA,0,NA,0,NA,0,NA,0,NA,0,NA,0,NA,0,NA,0,NA,0,NA,0,NA,0,NA,0,NA,0,NA,0,NA,0,NA,0,NA,0,NA,0,NA,0,NA,0,NA,0,NA,0,NA,0,NA,0,NA,0,NA,0,NA,0,NA,0,NA,0,NA,0
"61","10","cor",NA,5,NA,0,NA,0,NA,0,NA,0,NA,0,NA,0,NA,0,NA,0,NA,0,NA,0,NA,0,NA,0,NA,0,NA,0,NA,0,NA,0,NA,0,NA,0,NA,0,NA,0,NA,0,NA,0,NA,0,NA,0,NA,0,NA,0,NA,0,NA,0,NA,0,NA,0,NA,0,NA,0,NA,0,NA,0,NA,0,NA,0
"62","10","abz",NA,5,NA,0,NA,0,NA,0,NA,0,NA,0,NA,0,NA,0,NA,0,NA,0,NA,0,NA,0,NA,0,NA,0,NA,0,NA,0,NA,0,NA,0,NA,0,NA,0,NA,0,NA,0,NA,0,NA,0,NA,0,NA,0,NA,0,NA,0,NA,0,NA,0,NA,0,NA,0,NA,0,NA,0,NA,0,NA,0,NA,0
"63","10","cd",NA,5,NA,0,NA,0,NA,0,NA,0,NA,0,NA,0,NA,0,NA,0,NA,0,NA,0,NA,0,NA,0,NA,0,NA,0,NA,0,NA,0,NA,0,NA,0,NA,0,NA,0,NA,0,NA,0,NA,0,NA,0,NA,0,NA,0,NA,0,NA,0,NA,0,NA,0,NA,0,NA,0,NA,0,NA,0,NA,0,NA,0
"64","10","mmu",NA,5,NA,0,NA,0,NA,0,NA,0,NA,0,NA,0,NA,0,NA,0,NA,0,NA,0,NA,0,NA,0,NA,0,NA,0,NA,0,NA,0,NA,0,NA,0,NA,0,NA,0,NA,0,NA,0,NA,0,NA,0,NA,0,NA,0,NA,0,NA,0,NA,0,NA,0,NA,0,NA,0,NA,0,NA,0,NA,0,NA,0
"65","10","psd",NA,5,NA,5,NA,5,NA,5,NA,5,NA,5,NA,5,NA,5,NA,5,NA,5,NA,5,NA,5,NA,5,NA,5,NA,5,NA,5,NA,5,NA,5,NA,5,NA,5,NA,5,NA,5,NA,5,NA,5,NA,5,NA,5,NA,5,NA,5,NA,5,NA,5,NA,5,NA,5,NA,5,NA,5,NA,5,NA,5,NA,5
"66","10","uva",NA,5,NA,5,NA,4,NA,3,NA,3,NA,3,NA,3,NA,2,NA,2,NA,2,NA,2,NA,2,NA,2,NA,2,NA,2,NA,2,NA,2,NA,2,NA,2,NA,2,NA,2,NA,2,NA,2,NA,2,NA,2,NA,2,NA,2,NA,2,NA,2,NA,2,NA,2,NA,2,NA,2,NA,2,NA,2,NA,2,NA,2
"67","10","pol",NA,0,NA,0,NA,0,NA,0,NA,0,NA,0,NA,0,NA,0,NA,0,NA,0,NA,0,NA,0,NA,0,NA,0,NA,0,NA,0,NA,0,NA,0,NA,0,NA,0,NA,0,NA,0,NA,0,NA,0,NA,0,NA,0,NA,0,NA,0,NA,0,NA,0,NA,0,NA,0,NA,0,NA,0,NA,0,NA,0,NA,0
"68","10","dio",NA,5,NA,5,NA,0,NA,0,NA,0,NA,0,NA,0,NA,0,NA,0,NA,0,NA,0,NA,0,NA,0,NA,0,NA,0,NA,0,NA,0,NA,0,NA,0,NA,0,NA,0,NA,0,NA,0,NA,0,NA,0,NA,0,NA,0,NA,0,NA,0,NA,0,NA,0,NA,0,NA,0,NA,0,NA,0,NA,0,NA,0
"69","10","cor",NA,5,NA,5,NA,2,NA,0,NA,0,NA,0,NA,0,NA,0,NA,0,NA,0,NA,0,NA,0,NA,0,NA,0,NA,0,NA,0,NA,0,NA,0,NA,0,NA,0,NA,0,NA,0,NA,0,NA,0,NA,0,NA,0,NA,0,NA,0,NA,0,NA,0,NA,0,NA,0,NA,0,NA,0,NA,0,NA,0,NA,0
"70","10","abz",NA,5,NA,0,NA,0,NA,0,NA,0,NA,0,NA,0,NA,0,NA,0,NA,0,NA,0,NA,0,NA,0,NA,0,NA,0,NA,0,NA,0,NA,0,NA,0,NA,0,NA,0,NA,0,NA,0,NA,0,NA,0,NA,0,NA,0,NA,0,NA,0,NA,0,NA,0,NA,0,NA,0,NA,0,NA,0,NA,0,NA,0
"71","10","cd",NA,0,NA,0,NA,0,NA,0,NA,0,NA,0,NA,0,NA,0,NA,0,NA,0,NA,0,NA,0,NA,0,NA,0,NA,0,NA,0,NA,0,NA,0,NA,0,NA,0,NA,0,NA,0,NA,0,NA,0,NA,0,NA,0,NA,0,NA,0,NA,0,NA,0,NA,0,NA,0,NA,0,NA,0,NA,0,NA,0,NA,0
"72","10","mmu",NA,5,NA,2,NA,0,NA,0,NA,0,NA,0,NA,0,NA,0,NA,0,NA,0,NA,0,NA,0,NA,0,NA,0,NA,0,NA,0,NA,0,NA,0,NA,0,NA,0,NA,0,NA,0,NA,0,NA,0,NA,0,NA,0,NA,0,NA,0,NA,0,NA,0,NA,0,NA,0,NA,0,NA,0,NA,0,NA,0,NA,0
"73","10","psd",NA,5,NA,5,NA,5,NA,5,NA,5,NA,5,NA,5,NA,5,NA,5,NA,5,NA,5,NA,5,NA,5,NA,5,NA,5,NA,5,NA,5,NA,5,NA,5,NA,5,NA,5,NA,5,NA,5,NA,5,NA,5,NA,5,NA,5,NA,5,NA,5,NA,5,NA,5,NA,5,NA,5,NA,5,NA,5,NA,5,NA,5
"74","10","uva",NA,1,NA,1,NA,1,NA,1,NA,1,NA,1,NA,1,NA,1,NA,1,NA,1,NA,1,NA,1,NA,1,NA,1,NA,1,NA,1,NA,1,NA,1,NA,1,NA,1,NA,1,NA,1,NA,1,NA,1,NA,1,NA,1,NA,1,NA,1,NA,1,NA,1,NA,1,NA,1,NA,1,NA,1,NA,1,NA,1,NA,1
"75","10","pol",NA,0,NA,0,NA,0,NA,0,NA,0,NA,0,NA,0,NA,0,NA,0,NA,0,NA,0,NA,0,NA,0,NA,0,NA,0,NA,0,NA,0,NA,0,NA,0,NA,0,NA,0,NA,0,NA,0,NA,0,NA,0,NA,0,NA,0,NA,0,NA,0,NA,0,NA,0,NA,0,NA,0,NA,0,NA,0,NA,0,NA,0
"76","10","dio",NA,5,NA,5,NA,5,NA,5,NA,5,NA,5,NA,5,NA,5,NA,5,NA,5,NA,5,NA,5,NA,5,NA,5,NA,5,NA,5,NA,5,NA,5,NA,5,NA,5,NA,5,NA,5,NA,5,NA,5,NA,5,NA,5,NA,5,NA,5,NA,5,NA,5,NA,5,NA,5,NA,5,NA,5,NA,5,NA,5,NA,5
"77","10","cor",NA,5,NA,0,NA,0,NA,0,NA,0,NA,0,NA,0,NA,0,NA,0,NA,0,NA,0,NA,0,NA,0,NA,0,NA,0,NA,0,NA,0,NA,0,NA,0,NA,0,NA,0,NA,0,NA,0,NA,0,NA,0,NA,0,NA,0,NA,0,NA,0,NA,0,NA,0,NA,0,NA,0,NA,0,NA,0,NA,0,NA,0
"78","10","abz",NA,5,NA,1,NA,0,NA,0,NA,0,NA,0,NA,0,NA,0,NA,0,NA,0,NA,0,NA,0,NA,0,NA,0,NA,0,NA,0,NA,0,NA,0,NA,0,NA,0,NA,0,NA,0,NA,0,NA,0,NA,0,NA,0,NA,0,NA,0,NA,0,NA,0,NA,0,NA,0,NA,0,NA,0,NA,0,NA,0,NA,0
"79","10","cd",NA,0,NA,0,NA,0,NA,0,NA,0,NA,0,NA,0,NA,0,NA,0,NA,0,NA,0,NA,0,NA,0,NA,0,NA,0,NA,0,NA,0,NA,0,NA,0,NA,0,NA,0,NA,0,NA,0,NA,0,NA,0,NA,0,NA,0,NA,0,NA,0,NA,0,NA,0,NA,0,NA,0,NA,0,NA,0,NA,0,NA,0
"80","10","mmu",NA,5,NA,0,NA,0,NA,0,NA,0,NA,0,NA,0,NA,0,NA,0,NA,0,NA,0,NA,0,NA,0,NA,0,NA,0,NA,0,NA,0,NA,0,NA,0,NA,0,NA,0,NA,0,NA,0,NA,0,NA,0,NA,0,NA,0,NA,0,NA,0,NA,0,NA,0,NA,0,NA,0,NA,0,NA,0,NA,0,NA,0
"81","10","psd",NA,5,NA,5,NA,5,NA,5,NA,5,NA,5,NA,5,NA,5,NA,3,NA,3,NA,3,NA,3,NA,3,NA,3,NA,3,NA,3,NA,3,NA,3,NA,2,NA,2,NA,2,NA,2,NA,2,NA,2,NA,2,NA,2,NA,2,NA,2,NA,2,NA,2,NA,2,NA,2,NA,2,NA,2,NA,2,NA,2,NA,2
"82","10","uva",NA,5,NA,5,NA,5,NA,5,NA,3,NA,3,NA,3,NA,2,NA,2,NA,2,NA,2,NA,2,NA,0,NA,0,NA,0,NA,0,NA,0,NA,0,NA,0,NA,0,NA,0,NA,0,NA,0,NA,0,NA,0,NA,0,NA,0,NA,0,NA,0,NA,0,NA,0,NA,0,NA,0,NA,0,NA,0,NA,0,NA,0
"83","10","pol",NA,0,NA,0,NA,0,NA,0,NA,0,NA,0,NA,0,NA,0,NA,0,NA,0,NA,0,NA,0,NA,0,NA,0,NA,0,NA,0,NA,0,NA,0,NA,0,NA,0,NA,0,NA,0,NA,0,NA,0,NA,0,NA,0,NA,0,NA,0,NA,0,NA,0,NA,0,NA,0,NA,0,NA,0,NA,0,NA,0,NA,0
"84","10","dio",NA,5,NA,5,NA,5,NA,5,NA,3,NA,3,NA,3,NA,3,NA,1,NA,1,NA,1,NA,1,NA,1,NA,1,NA,1,NA,1,NA,1,NA,1,NA,1,NA,1,NA,1,NA,1,NA,1,NA,1,NA,1,NA,1,NA,1,NA,1,NA,1,NA,1,NA,1,NA,1,NA,1,NA,1,NA,1,NA,NA,NA,NA
"85","10","cor",NA,5,NA,1,NA,1,NA,1,NA,1,NA,1,NA,1,NA,1,NA,1,NA,1,NA,1,NA,1,NA,1,NA,1,NA,1,NA,1,NA,1,NA,1,NA,0,NA,0,NA,0,NA,0,NA,0,NA,0,NA,0,NA,0,NA,0,NA,0,NA,0,NA,0,NA,0,NA,0,NA,0,NA,0,NA,0,NA,0,NA,0
"86","10","abz",NA,5,NA,5,NA,4,NA,4,NA,0,NA,0,NA,0,NA,0,NA,0,NA,0,NA,0,NA,0,NA,0,NA,0,NA,0,NA,0,NA,0,NA,0,NA,0,NA,0,NA,0,NA,0,NA,0,NA,0,NA,0,NA,0,NA,0,NA,0,NA,0,NA,0,NA,0,NA,0,NA,0,NA,0,NA,0,NA,0,NA,0
"87","10","cd",NA,5,NA,5,NA,0,NA,0,NA,0,NA,0,NA,0,NA,0,NA,0,NA,0,NA,0,NA,0,NA,0,NA,0,NA,0,NA,0,NA,0,NA,0,NA,0,NA,0,NA,0,NA,0,NA,0,NA,0,NA,0,NA,0,NA,0,NA,0,NA,0,NA,0,NA,0,NA,0,NA,0,NA,0,NA,0,NA,0,NA,0
"88","10","mmu",NA,5,NA,2,NA,0,NA,0,NA,0,NA,0,NA,0,NA,0,NA,0,NA,0,NA,0,NA,0,NA,0,NA,0,NA,0,NA,0,NA,0,NA,0,NA,0,NA,0,NA,0,NA,0,NA,0,NA,0,NA,0,NA,0,NA,0,NA,0,NA,0,NA,0,NA,0,NA,0,NA,0,NA,0,NA,0,NA,0,NA,0
"89","10","psd",NA,5,NA,4,NA,2,NA,2,NA,0,NA,0,NA,0,NA,0,NA,0,NA,0,NA,0,NA,0,NA,0,NA,0,NA,0,NA,0,NA,0,NA,0,NA,0,NA,0,NA,0,NA,0,NA,0,NA,0,NA,0,NA,0,NA,0,NA,0,NA,0,NA,0,NA,0,NA,0,NA,0,NA,0,NA,0,NA,0,NA,0
"90","10","uva",NA,5,NA,5,NA,1,NA,0,NA,0,NA,0,NA,0,NA,0,NA,0,NA,0,NA,0,NA,0,NA,0,NA,0,NA,0,NA,0,NA,0,NA,0,NA,0,NA,0,NA,0,NA,0,NA,0,NA,0,NA,0,NA,0,NA,0,NA,0,NA,0,NA,0,NA,0,NA,0,NA,0,NA,0,NA,0,NA,0,NA,0
"91","10","pol",NA,0,NA,0,NA,0,NA,0,NA,0,NA,0,NA,0,NA,0,NA,0,NA,0,NA,0,NA,0,NA,0,NA,0,NA,0,NA,0,NA,0,NA,0,NA,0,NA,0,NA,0,NA,0,NA,0,NA,0,NA,0,NA,0,NA,0,NA,0,NA,0,NA,0,NA,0,NA,0,NA,0,NA,0,NA,0,NA,0,NA,0
"92","10","dio",NA,5,NA,5,NA,5,NA,0,NA,0,NA,0,NA,0,NA,0,NA,0,NA,0,NA,0,NA,0,NA,0,NA,0,NA,0,NA,0,NA,0,NA,0,NA,0,NA,0,NA,0,NA,0,NA,0,NA,0,NA,0,NA,0,NA,0,NA,0,NA,0,NA,0,NA,0,NA,0,NA,0,NA,0,NA,0,NA,0,NA,0
"93","10","cor",NA,5,NA,5,NA,0,NA,0,NA,0,NA,0,NA,0,NA,0,NA,0,NA,0,NA,0,NA,0,NA,0,NA,0,NA,0,NA,0,NA,0,NA,0,NA,0,NA,0,NA,0,NA,0,NA,0,NA,0,NA,0,NA,0,NA,0,NA,0,NA,0,NA,0,NA,0,NA,0,NA,0,NA,0,NA,0,NA,0,NA,0
"94","10","abz",NA,5,NA,0,NA,0,NA,0,NA,0,NA,0,NA,0,NA,0,NA,0,NA,0,NA,0,NA,0,NA,0,NA,0,NA,0,NA,0,NA,0,NA,0,NA,0,NA,0,NA,0,NA,0,NA,0,NA,0,NA,0,NA,0,NA,0,NA,0,NA,0,NA,0,NA,0,NA,0,NA,0,NA,0,NA,0,NA,0,NA,0
"95","10","cd",NA,2,NA,0,NA,0,NA,0,NA,0,NA,0,NA,0,NA,0,NA,0,NA,0,NA,0,NA,0,NA,0,NA,0,NA,0,NA,0,NA,0,NA,0,NA,0,NA,0,NA,0,NA,0,NA,0,NA,0,NA,0,NA,0,NA,0,NA,0,NA,0,NA,0,NA,0,NA,0,NA,0,NA,0,NA,0,NA,0,NA,0
"96","10","mmu",NA,5,NA,5,NA,0,NA,0,NA,0,NA,0,NA,0,NA,0,NA,0,NA,0,NA,0,NA,0,NA,0,NA,0,NA,0,NA,0,NA,0,NA,0,NA,0,NA,0,NA,0,NA,0,NA,0,NA,0,NA,0,NA,0,NA,0,NA,0,NA,0,NA,0,NA,0,NA,0,NA,0,NA,0,NA,0,NA,0,NA,0
"97","10","psd",NA,5,NA,5,NA,0,NA,0,NA,0,NA,0,NA,0,NA,0,NA,0,NA,0,NA,0,NA,0,NA,0,NA,0,NA,0,NA,0,NA,0,NA,0,NA,0,NA,0,NA,0,NA,0,NA,0,NA,0,NA,0,NA,0,NA,0,NA,0,NA,0,NA,0,NA,0,NA,0,NA,0,NA,0,NA,0,NA,0,NA,0
"98","10","uva",NA,5,NA,5,NA,0,NA,0,NA,0,NA,0,NA,0,NA,0,NA,0,NA,0,NA,0,NA,0,NA,0,NA,0,NA,0,NA,0,NA,0,NA,0,NA,0,NA,0,NA,0,NA,0,NA,0,NA,0,NA,0,NA,0,NA,0,NA,0,NA,0,NA,0,NA,0,NA,0,NA,0,NA,0,NA,0,NA,0,NA,0
"99","10","pol",NA,5,NA,5,NA,3,NA,0,NA,0,NA,0,NA,0,NA,0,NA,0,NA,0,NA,0,NA,0,NA,0,NA,0,NA,0,NA,0,NA,0,NA,0,NA,0,NA,0,NA,0,NA,0,NA,0,NA,0,NA,0,NA,0,NA,0,NA,0,NA,0,NA,0,NA,0,NA,0,NA,0,NA,0,NA,0,NA,0,NA,0
"100","10","dio",NA,5,NA,5,NA,5,NA,5,NA,5,NA,5,NA,5,NA,5,NA,5,NA,5,NA,5,NA,5,NA,5,NA,5,NA,5,NA,5,NA,5,NA,5,NA,0,NA,0,NA,0,NA,0,NA,0,NA,0,NA,0,NA,0,NA,0,NA,0,NA,0,NA,0,NA,0,NA,0,NA,0,NA,0,NA,0,NA,0,NA,0
"101","10","cor",NA,5,NA,5,NA,5,NA,5,NA,5,NA,5,NA,5,NA,5,NA,5,NA,2,NA,2,NA,2,NA,2,NA,2,NA,2,NA,2,NA,2,NA,2,NA,2,NA,2,NA,2,NA,2,NA,2,NA,2,NA,2,NA,2,NA,2,NA,2,NA,2,NA,2,NA,2,NA,2,NA,2,NA,2,NA,2,NA,2,NA,2
"102","10","abz",NA,5,NA,5,NA,0,NA,0,NA,0,NA,0,NA,0,NA,0,NA,0,NA,0,NA,0,NA,0,NA,0,NA,0,NA,0,NA,0,NA,0,NA,0,NA,0,NA,0,NA,0,NA,0,NA,0,NA,0,NA,0,NA,0,NA,0,NA,0,NA,0,NA,0,NA,0,NA,0,NA,0,NA,0,NA,0,NA,0,NA,0
"103","10","cd",NA,5,NA,5,NA,5,NA,0,NA,0,NA,0,NA,0,NA,0,NA,0,NA,0,NA,0,NA,0,NA,0,NA,0,NA,0,NA,0,NA,0,NA,0,NA,0,NA,0,NA,0,NA,0,NA,0,NA,0,NA,0,NA,0,NA,0,NA,0,NA,0,NA,0,NA,0,NA,0,NA,0,NA,0,NA,0,NA,0,NA,0
"104","10","mmu",NA,5,NA,4,NA,4,NA,4,NA,4,NA,1,NA,0,NA,0,NA,0,NA,0,NA,0,NA,0,NA,0,NA,0,NA,0,NA,0,NA,0,NA,0,NA,0,NA,0,NA,0,NA,0,NA,0,NA,0,NA,0,NA,0,NA,0,NA,0,NA,0,NA,0,NA,0,NA,0,NA,0,NA,0,NA,0,NA,0,NA,0
"105","10","psd",NA,5,NA,1,NA,1,NA,0,NA,0,NA,0,NA,0,NA,0,NA,0,NA,0,NA,0,NA,0,NA,0,NA,0,NA,0,NA,0,NA,0,NA,0,NA,0,NA,0,NA,0,NA,0,NA,0,NA,0,NA,0,NA,0,NA,0,NA,0,NA,0,NA,0,NA,0,NA,0,NA,0,NA,0,NA,0,NA,0,NA,0
"106","10","uva",NA,5,NA,5,NA,2,NA,2,NA,2,NA,2,NA,2,NA,0,NA,0,NA,0,NA,0,NA,0,NA,0,NA,0,NA,0,NA,0,NA,0,NA,0,NA,0,NA,0,NA,0,NA,0,NA,0,NA,0,NA,0,NA,0,NA,0,NA,0,NA,0,NA,0,NA,0,NA,0,NA,0,NA,0,NA,0,NA,0,NA,0
"107","10","pol",NA,5,NA,1,NA,0,NA,0,NA,0,NA,0,NA,0,NA,0,NA,0,NA,0,NA,0,NA,0,NA,0,NA,0,NA,0,NA,0,NA,0,NA,0,NA,0,NA,0,NA,0,NA,0,NA,0,NA,0,NA,0,NA,0,NA,0,NA,0,NA,0,NA,0,NA,0,NA,0,NA,0,NA,0,NA,0,NA,0,NA,0
"108","10","dio",NA,3,NA,0,NA,0,NA,0,NA,0,NA,0,NA,0,NA,0,NA,0,NA,0,NA,0,NA,0,NA,0,NA,0,NA,0,NA,0,NA,0,NA,0,NA,0,NA,0,NA,0,NA,0,NA,0,NA,0,NA,0,NA,0,NA,0,NA,0,NA,0,NA,0,NA,0,NA,0,NA,0,NA,0,NA,0,NA,0,NA,0
"109","10","cor",NA,5,NA,5,NA,5,NA,0,NA,0,NA,0,NA,0,NA,0,NA,0,NA,0,NA,0,NA,0,NA,0,NA,0,NA,0,NA,0,NA,0,NA,0,NA,0,NA,0,NA,0,NA,0,NA,0,NA,0,NA,0,NA,0,NA,0,NA,0,NA,0,NA,0,NA,0,NA,0,NA,0,NA,0,NA,0,NA,0,NA,0
"110","10","abz",NA,5,NA,4,NA,0,NA,0,NA,0,NA,0,NA,0,NA,0,NA,0,NA,0,NA,0,NA,0,NA,0,NA,0,NA,0,NA,0,NA,0,NA,0,NA,0,NA,0,NA,0,NA,0,NA,0,NA,0,NA,0,NA,0,NA,0,NA,0,NA,0,NA,0,NA,0,NA,0,NA,0,NA,0,NA,0,NA,0,NA,0
"111","10","cd",NA,5,NA,5,NA,0,NA,0,NA,0,NA,0,NA,0,NA,0,NA,0,NA,0,NA,0,NA,0,NA,0,NA,0,NA,0,NA,0,NA,0,NA,0,NA,0,NA,0,NA,0,NA,0,NA,0,NA,0,NA,0,NA,0,NA,0,NA,0,NA,0,NA,0,NA,0,NA,0,NA,0,NA,0,NA,0,NA,0,NA,0
"112","10","mmu",NA,5,NA,5,NA,2,NA,0,NA,0,NA,0,NA,0,NA,0,NA,0,NA,0,NA,0,NA,0,NA,0,NA,0,NA,0,NA,0,NA,0,NA,0,NA,0,NA,0,NA,0,NA,0,NA,0,NA,0,NA,0,NA,0,NA,0,NA,0,NA,0,NA,0,NA,0,NA,0,NA,0,NA,0,NA,0,NA,0,NA,0
"113","10","psd",NA,5,NA,5,NA,5,NA,3,NA,3,NA,3,NA,3,NA,3,NA,3,NA,3,NA,3,NA,3,NA,3,NA,3,NA,3,NA,3,NA,3,NA,3,NA,3,NA,3,NA,3,NA,3,NA,3,NA,3,NA,3,NA,3,NA,3,NA,3,NA,3,NA,3,NA,3,NA,3,NA,3,NA,3,NA,3,NA,3,NA,3
"114","10","uva",NA,5,NA,5,NA,5,NA,5,NA,5,NA,5,NA,4,NA,4,NA,4,NA,4,NA,4,NA,4,NA,3,NA,3,NA,3,NA,3,NA,3,NA,3,NA,3,NA,3,NA,3,NA,3,NA,3,NA,3,NA,3,NA,3,NA,3,NA,3,NA,3,NA,3,NA,3,NA,3,NA,3,NA,3,NA,3,NA,3,NA,3
"115","10","pol",NA,5,NA,3,NA,3,NA,3,NA,2,NA,2,NA,2,NA,2,NA,2,NA,2,NA,0,NA,0,NA,0,NA,0,NA,0,NA,0,NA,0,NA,0,NA,0,NA,0,NA,0,NA,0,NA,0,NA,0,NA,0,NA,0,NA,0,NA,0,NA,0,NA,0,NA,0,NA,0,NA,0,NA,0,NA,0,NA,0,NA,0
"116","10","dio",NA,5,NA,5,NA,5,NA,5,NA,2,NA,2,NA,2,NA,2,NA,2,NA,2,NA,2,NA,2,NA,2,NA,2,NA,2,NA,2,NA,2,NA,2,NA,2,NA,2,NA,2,NA,2,NA,2,NA,2,NA,2,NA,2,NA,2,NA,2,NA,2,NA,2,NA,2,NA,2,NA,2,NA,2,NA,2,NA,2,NA,2
"117","10","cor",NA,5,NA,5,NA,5,NA,5,NA,5,NA,5,NA,5,NA,5,NA,5,NA,5,NA,5,NA,5,NA,5,NA,5,NA,5,NA,5,NA,5,NA,5,NA,5,NA,5,NA,5,NA,5,NA,5,NA,5,NA,5,NA,5,NA,5,NA,5,NA,5,NA,5,NA,5,NA,5,NA,5,NA,5,NA,5,NA,5,NA,5
"118","10","abz",NA,5,NA,5,NA,5,NA,3,NA,0,NA,0,NA,0,NA,0,NA,0,NA,0,NA,0,NA,0,NA,0,NA,0,NA,0,NA,0,NA,0,NA,0,NA,0,NA,0,NA,0,NA,0,NA,0,NA,0,NA,0,NA,0,NA,0,NA,0,NA,0,NA,0,NA,0,NA,0,NA,0,NA,0,NA,0,NA,0,NA,0
"119","10","cd",NA,5,NA,5,NA,0,NA,0,NA,0,NA,0,NA,0,NA,0,NA,0,NA,0,NA,0,NA,0,NA,0,NA,0,NA,0,NA,0,NA,0,NA,0,NA,0,NA,0,NA,0,NA,0,NA,0,NA,0,NA,0,NA,0,NA,0,NA,0,NA,0,NA,0,NA,0,NA,0,NA,0,NA,0,NA,0,NA,0,NA,0
"120","10","mmu",NA,5,NA,5,NA,5,NA,0,NA,0,NA,0,NA,0,NA,0,NA,0,NA,0,NA,0,NA,0,NA,0,NA,0,NA,0,NA,0,NA,0,NA,0,NA,0,NA,0,NA,0,NA,0,NA,0,NA,0,NA,0,NA,0,NA,0,NA,0,NA,0,NA,0,NA,0,NA,0,NA,0,NA,0,NA,0,NA,0,NA,0
"121","10","psd",NA,5,NA,5,NA,5,NA,5,NA,5,NA,5,NA,5,NA,5,NA,5,NA,5,NA,5,NA,5,NA,5,NA,5,NA,5,NA,5,NA,5,NA,5,NA,4,NA,4,NA,4,NA,4,NA,4,NA,4,NA,4,NA,4,NA,4,NA,4,NA,4,NA,4,NA,4,NA,4,NA,4,NA,4,NA,4,NA,4,NA,4
"122","10","uva",NA,5,NA,5,NA,5,NA,5,NA,5,NA,5,NA,5,NA,5,NA,5,NA,5,NA,5,NA,5,NA,5,NA,5,NA,5,NA,5,NA,5,NA,5,NA,5,NA,5,NA,5,NA,5,NA,5,NA,5,NA,5,NA,5,NA,5,NA,5,NA,5,NA,5,NA,5,NA,5,NA,5,NA,5,NA,5,NA,5,NA,5
"123","10","pol",NA,5,NA,0,NA,0,NA,0,NA,0,NA,0,NA,0,NA,0,NA,0,NA,0,NA,0,NA,0,NA,0,NA,0,NA,0,NA,0,NA,0,NA,0,NA,0,NA,0,NA,0,NA,0,NA,0,NA,0,NA,0,NA,0,NA,0,NA,0,NA,0,NA,0,NA,0,NA,0,NA,0,NA,0,NA,0,NA,0,NA,0
"124","10","dio",NA,5,NA,5,NA,5,NA,5,NA,5,NA,5,NA,5,NA,5,NA,5,NA,5,NA,5,NA,5,NA,5,NA,5,NA,5,NA,5,NA,5,NA,5,NA,3,NA,3,NA,3,NA,3,NA,3,NA,3,NA,3,NA,3,NA,3,NA,3,NA,3,NA,3,NA,3,NA,3,NA,3,NA,3,NA,3,NA,3,NA,3
"125","10","cor",NA,5,NA,5,NA,5,NA,3,NA,3,NA,3,NA,3,NA,2,NA,2,NA,2,NA,2,NA,2,NA,2,NA,2,NA,2,NA,2,NA,2,NA,2,NA,2,NA,2,NA,2,NA,2,NA,2,NA,2,NA,2,NA,2,NA,2,NA,2,NA,2,NA,2,NA,2,NA,2,NA,2,NA,2,NA,2,NA,2,NA,2
"126","10","abz",NA,5,NA,5,NA,0,NA,0,NA,0,NA,0,NA,0,NA,0,NA,0,NA,0,NA,0,NA,0,NA,0,NA,0,NA,0,NA,0,NA,0,NA,0,NA,0,NA,0,NA,0,NA,0,NA,0,NA,0,NA,0,NA,0,NA,0,NA,0,NA,0,NA,0,NA,0,NA,0,NA,0,NA,0,NA,0,NA,0,NA,0
"127","10","cd",NA,5,NA,5,NA,5,NA,5,NA,5,NA,5,NA,2,NA,1,NA,1,NA,1,NA,0,NA,0,NA,0,NA,0,NA,0,NA,0,NA,0,NA,0,NA,0,NA,0,NA,0,NA,0,NA,0,NA,0,NA,0,NA,0,NA,0,NA,0,NA,0,NA,0,NA,0,NA,0,NA,0,NA,0,NA,0,NA,0,NA,0
"128","10","mmu",NA,5,NA,5,NA,5,NA,0,NA,0,NA,0,NA,0,NA,0,NA,0,NA,0,NA,0,NA,0,NA,0,NA,0,NA,0,NA,0,NA,0,NA,0,NA,0,NA,0,NA,0,NA,0,NA,0,NA,0,NA,0,NA,0,NA,0,NA,0,NA,0,NA,0,NA,0,NA,0,NA,0,NA,0,NA,0,NA,0,NA,0
"129","10","psd",NA,5,NA,5,NA,5,NA,4,NA,4,NA,4,NA,4,NA,4,NA,4,NA,4,NA,4,NA,4,NA,4,NA,4,NA,4,NA,4,NA,4,NA,4,NA,4,NA,4,NA,4,NA,4,NA,4,NA,4,NA,4,NA,4,NA,4,NA,4,NA,4,NA,4,NA,4,NA,4,NA,4,NA,4,NA,4,NA,4,NA,4
"130","10","uva",NA,5,NA,4,NA,4,NA,4,NA,4,NA,4,NA,4,NA,4,NA,4,NA,4,NA,4,NA,4,NA,4,NA,4,NA,4,NA,4,NA,4,NA,4,NA,4,NA,4,NA,4,NA,4,NA,4,NA,4,NA,4,NA,4,NA,4,NA,4,NA,4,NA,4,NA,4,NA,4,NA,4,NA,4,NA,4,NA,4,NA,4
"131","10","pol",NA,5,NA,0,NA,0,NA,0,NA,0,NA,0,NA,0,NA,0,NA,0,NA,0,NA,0,NA,0,NA,0,NA,0,NA,0,NA,0,NA,0,NA,0,NA,0,NA,0,NA,0,NA,0,NA,0,NA,0,NA,0,NA,0,NA,0,NA,0,NA,0,NA,0,NA,0,NA,0,NA,0,NA,0,NA,0,NA,0,NA,0
"132","10","dio",NA,5,NA,5,NA,5,NA,5,NA,5,NA,5,NA,5,NA,5,NA,5,NA,5,NA,5,NA,5,NA,5,NA,5,NA,5,NA,5,NA,5,NA,5,NA,4,NA,4,NA,4,NA,4,NA,4,NA,4,NA,4,NA,4,NA,4,NA,4,NA,4,NA,4,NA,4,NA,4,NA,4,NA,4,NA,4,NA,4,NA,4
"133","10","cor",NA,5,NA,5,NA,5,NA,5,NA,5,NA,5,NA,5,NA,5,NA,5,NA,5,NA,5,NA,5,NA,5,NA,5,NA,5,NA,5,NA,5,NA,5,NA,4,NA,4,NA,4,NA,4,NA,4,NA,4,NA,4,NA,4,NA,4,NA,4,NA,4,NA,4,NA,4,NA,4,NA,4,NA,4,NA,4,NA,4,NA,4
"134","10","abz",NA,5,NA,1,NA,0,NA,0,NA,0,NA,0,NA,0,NA,0,NA,0,NA,0,NA,0,NA,0,NA,0,NA,0,NA,0,NA,0,NA,0,NA,0,NA,0,NA,0,NA,0,NA,0,NA,0,NA,0,NA,0,NA,0,NA,0,NA,0,NA,0,NA,0,NA,0,NA,0,NA,0,NA,0,NA,0,NA,0,NA,0
"135","10","cd",NA,5,NA,5,NA,0,NA,0,NA,0,NA,0,NA,0,NA,0,NA,0,NA,0,NA,0,NA,0,NA,0,NA,0,NA,0,NA,0,NA,0,NA,0,NA,0,NA,0,NA,0,NA,0,NA,0,NA,0,NA,0,NA,0,NA,0,NA,0,NA,0,NA,0,NA,0,NA,0,NA,0,NA,0,NA,0,NA,0,NA,0
"136","10","mmu",NA,5,NA,0,NA,0,NA,0,NA,0,NA,0,NA,0,NA,0,NA,0,NA,0,NA,0,NA,0,NA,0,NA,0,NA,0,NA,0,NA,0,NA,0,NA,0,NA,0,NA,0,NA,0,NA,0,NA,0,NA,0,NA,0,NA,0,NA,0,NA,0,NA,0,NA,0,NA,0,NA,0,NA,0,NA,0,NA,0,NA,0
"137","10","psd",NA,5,NA,5,NA,5,NA,5,NA,5,NA,5,NA,5,NA,5,NA,5,NA,5,NA,5,NA,5,NA,5,NA,5,NA,5,NA,5,NA,5,NA,5,NA,5,NA,5,NA,5,NA,5,NA,5,NA,5,NA,5,NA,5,NA,5,NA,5,NA,5,NA,5,NA,5,NA,5,NA,5,NA,5,NA,5,NA,5,NA,5
"138","10","uva",NA,5,NA,5,NA,5,NA,5,NA,5,NA,5,NA,5,NA,5,NA,5,NA,5,NA,5,NA,5,NA,5,NA,5,NA,5,NA,5,NA,5,NA,5,NA,5,NA,5,NA,5,NA,5,NA,5,NA,5,NA,5,NA,5,NA,5,NA,5,NA,5,NA,5,NA,5,NA,5,NA,5,NA,5,NA,5,NA,5,NA,5
"139","10","pol",NA,4,NA,0,NA,0,NA,0,NA,0,NA,0,NA,0,NA,0,NA,0,NA,0,NA,0,NA,0,NA,0,NA,0,NA,0,NA,0,NA,0,NA,0,NA,0,NA,0,NA,0,NA,0,NA,0,NA,0,NA,0,NA,0,NA,0,NA,0,NA,0,NA,0,NA,0,NA,0,NA,0,NA,0,NA,0,NA,0,NA,0
"140","10","dio",NA,5,NA,5,NA,5,NA,5,NA,5,NA,5,NA,5,NA,5,NA,5,NA,5,NA,5,NA,5,NA,5,NA,5,NA,5,NA,5,NA,5,NA,5,NA,5,NA,5,NA,5,NA,5,NA,5,NA,5,NA,5,NA,5,NA,5,NA,5,NA,5,NA,5,NA,5,NA,5,NA,5,NA,5,NA,5,NA,5,NA,5
"141","10","cor",NA,5,NA,5,NA,5,NA,5,NA,5,NA,5,NA,5,NA,5,NA,5,NA,5,NA,5,NA,5,NA,5,NA,5,NA,5,NA,5,NA,5,NA,5,NA,5,NA,5,NA,5,NA,5,NA,5,NA,5,NA,5,NA,5,NA,5,NA,5,NA,5,NA,5,NA,5,NA,5,NA,5,NA,5,NA,5,NA,5,NA,5
"142","10","abz",NA,5,NA,4,NA,4,NA,3,NA,3,NA,3,NA,3,NA,3,NA,3,NA,3,NA,3,NA,3,NA,3,NA,3,NA,3,NA,3,NA,3,NA,3,NA,1,NA,1,NA,1,NA,1,NA,1,NA,1,NA,1,NA,1,NA,1,NA,1,NA,1,NA,1,NA,1,NA,1,NA,1,NA,1,NA,1,NA,1,NA,1
"143","10","cd",NA,5,NA,5,NA,5,NA,4,NA,4,NA,4,NA,4,NA,4,NA,4,NA,3,NA,3,NA,3,NA,3,NA,3,NA,3,NA,3,NA,3,NA,3,NA,1,NA,1,NA,1,NA,1,NA,1,NA,1,NA,1,NA,1,NA,1,NA,1,NA,1,NA,1,NA,1,NA,1,NA,1,NA,1,NA,1,NA,1,NA,1
"144","10","mmu",NA,5,NA,5,NA,5,NA,5,NA,5,NA,5,NA,5,NA,5,NA,5,NA,5,NA,5,NA,5,NA,5,NA,5,NA,5,NA,5,NA,5,NA,5,NA,1,NA,1,NA,1,NA,1,NA,1,NA,1,NA,1,NA,1,NA,1,NA,1,NA,1,NA,1,NA,1,NA,1,NA,1,NA,1,NA,1,NA,1,NA,1
"145","10","psd",NA,5,NA,5,NA,5,NA,5,NA,5,NA,5,NA,5,NA,5,NA,5,NA,5,NA,5,NA,5,NA,5,NA,5,NA,5,NA,5,NA,5,NA,5,NA,5,NA,5,NA,5,NA,5,NA,5,NA,5,NA,5,NA,5,NA,5,NA,5,NA,5,NA,5,NA,5,NA,5,NA,5,NA,5,NA,5,NA,5,NA,5
"146","10","uva",NA,3,NA,3,NA,3,NA,3,NA,3,NA,3,NA,3,NA,3,NA,3,NA,3,NA,3,NA,3,NA,3,NA,3,NA,3,NA,3,NA,3,NA,3,NA,3,NA,3,NA,3,NA,3,NA,3,NA,3,NA,3,NA,3,NA,3,NA,3,NA,3,NA,3,NA,3,NA,3,NA,3,NA,3,NA,3,NA,3,NA,3
"147","10","pol",NA,4,NA,4,NA,4,NA,2,NA,0,NA,0,NA,0,NA,0,NA,0,NA,0,NA,0,NA,0,NA,0,NA,0,NA,0,NA,0,NA,0,NA,0,NA,0,NA,0,NA,0,NA,0,NA,0,NA,0,NA,0,NA,0,NA,0,NA,0,NA,0,NA,0,NA,0,NA,0,NA,0,NA,0,NA,0,NA,0,NA,0
"148","10","dio",NA,5,NA,5,NA,5,NA,5,NA,5,NA,5,NA,5,NA,5,NA,1,NA,1,NA,1,NA,1,NA,1,NA,1,NA,1,NA,1,NA,1,NA,1,NA,1,NA,1,NA,1,NA,1,NA,1,NA,1,NA,1,NA,1,NA,1,NA,1,NA,1,NA,1,NA,1,NA,1,NA,1,NA,1,NA,1,NA,1,NA,1
"149","10","cor",NA,5,NA,5,NA,5,NA,5,NA,5,NA,5,NA,5,NA,5,NA,5,NA,5,NA,5,NA,5,NA,5,NA,5,NA,5,NA,5,NA,5,NA,5,NA,5,NA,5,NA,5,NA,5,NA,5,NA,5,NA,5,NA,5,NA,5,NA,5,NA,5,NA,5,NA,5,NA,5,NA,5,NA,5,NA,5,NA,5,NA,5
"150","10","abz",NA,4,NA,4,NA,4,NA,2,NA,2,NA,2,NA,2,NA,2,NA,2,NA,2,NA,2,NA,2,NA,2,NA,2,NA,2,NA,2,NA,2,NA,2,NA,2,NA,2,NA,2,NA,2,NA,2,NA,2,NA,2,NA,2,NA,2,NA,2,NA,2,NA,2,NA,2,NA,2,NA,2,NA,2,NA,2,NA,2,NA,2
"151","10","cd",NA,4,NA,3,NA,3,NA,3,NA,3,NA,3,NA,0,NA,0,NA,0,NA,0,NA,0,NA,0,NA,0,NA,0,NA,0,NA,0,NA,0,NA,0,NA,0,NA,0,NA,0,NA,0,NA,0,NA,0,NA,0,NA,0,NA,0,NA,0,NA,0,NA,0,NA,0,NA,0,NA,0,NA,0,NA,0,NA,0,NA,0
"152","10","mmu",NA,5,NA,5,NA,5,NA,5,NA,5,NA,5,NA,5,NA,5,NA,5,NA,5,NA,5,NA,5,NA,5,NA,5,NA,5,NA,5,NA,5,NA,5,NA,5,NA,5,NA,5,NA,5,NA,5,NA,5,NA,5,NA,5,NA,5,NA,5,NA,5,NA,5,NA,5,NA,5,NA,5,NA,5,NA,5,NA,5,NA,5
"153","10","psd",NA,5,NA,5,NA,5,NA,5,NA,5,NA,5,NA,5,NA,5,NA,5,NA,5,NA,5,NA,5,NA,5,NA,5,NA,5,NA,5,NA,5,NA,5,NA,5,NA,5,NA,5,NA,5,NA,5,NA,5,NA,5,NA,5,NA,5,NA,5,NA,5,NA,5,NA,5,NA,5,NA,5,NA,5,NA,5,NA,5,NA,5
"154","10","uva",NA,5,NA,5,NA,5,NA,5,NA,5,NA,5,NA,5,NA,5,NA,5,NA,5,NA,5,NA,5,NA,5,NA,5,NA,5,NA,5,NA,5,NA,5,NA,5,NA,5,NA,5,NA,5,NA,5,NA,5,NA,5,NA,5,NA,5,NA,5,NA,5,NA,5,NA,5,NA,5,NA,5,NA,5,NA,5,NA,5,NA,5
"155","10","pol",NA,0,NA,0,NA,0,NA,0,NA,0,NA,0,NA,0,NA,NA,NA,0,NA,0,NA,0,NA,0,NA,0,NA,0,NA,0,NA,0,NA,0,NA,0,NA,0,NA,0,NA,0,NA,0,NA,0,NA,0,NA,0,NA,0,NA,0,NA,0,NA,0,NA,0,NA,0,NA,0,NA,0,NA,0,NA,0,NA,0,NA,0
"156","10","dio",NA,5,NA,5,NA,5,NA,5,NA,5,NA,5,NA,5,NA,5,NA,0,NA,0,NA,0,NA,0,NA,0,NA,0,NA,0,NA,0,NA,0,NA,0,NA,0,NA,0,NA,0,NA,0,NA,0,NA,0,NA,0,NA,0,NA,0,NA,0,NA,0,NA,0,NA,0,NA,0,NA,0,NA,0,NA,0,NA,0,NA,0
"157","10","cor",NA,5,NA,5,NA,5,NA,5,NA,5,NA,5,NA,5,NA,5,NA,5,NA,5,NA,5,NA,5,NA,5,NA,5,NA,5,NA,5,NA,5,NA,5,NA,5,NA,5,NA,5,NA,5,NA,5,NA,5,NA,5,NA,5,NA,5,NA,5,NA,5,NA,5,NA,5,NA,5,NA,5,NA,5,NA,5,NA,5,NA,5
"158","10","abz",NA,5,NA,5,NA,5,NA,2,NA,2,NA,2,NA,2,NA,1,NA,1,NA,1,NA,1,NA,1,NA,1,NA,1,NA,1,NA,1,NA,1,NA,1,NA,1,NA,1,NA,1,NA,1,NA,1,NA,1,NA,1,NA,1,NA,1,NA,1,NA,1,NA,1,NA,1,NA,1,NA,1,NA,1,NA,1,NA,1,NA,1
"159","10","cd",NA,5,NA,1,NA,1,NA,1,NA,1,NA,1,NA,1,NA,1,NA,0,NA,0,NA,0,NA,0,NA,0,NA,0,NA,0,NA,0,NA,0,NA,0,NA,0,NA,0,NA,0,NA,0,NA,0,NA,0,NA,0,NA,0,NA,0,NA,0,NA,0,NA,0,NA,0,NA,0,NA,0,NA,0,NA,0,NA,0,NA,0
